code,model,name,full_name,category,quantity,source,url,model_alt
101001133,F4R5TYG2T,غسالة ملابس ال جى 8 ك 1400 لفة سيلفر,F4R5TYG2T- غسالة ملابس ال جى 8 ك 1400 لفة سيلفر,غسالات ملابس LG موديلات,1,inventory_full.pdf (page 1),https://cairosales.com/ar/?controller=product&id_product=13692,
101001134,FARSVGG2E,استلمم افول 200 بلة ملايس ال جى 9 ك و5 ك مجنف-4R5VGG2E,استلمم افول 200 بلة ملايس ال جى 9 ك و5 ك مجنف-4R5VGG2E,غسالات ملابس/LG موديلات,1.00,inventory_full.pdf (OCR),,4R5VGG2E
101001155,FAJ3TMGSP,ل حى غسالة فول أوتوماتيك B كيلو.F4J3TMG5P,ل حى غسالة فول أوتوماتيك B كيلو.F4J3TMG5P,غسالات ملابس/LG موديلات,1.00,inventory_full.pdf (OCR),,F4J3TMG5P
101001156,FWT2116BS,,,غسالات ملابس/LG موديلات,1.00,inventory_full.pdf (OCR),,
101001173,FWT1310BG,غسالة واش تور بالمجلف -FWT1310BG,غسالة واش تور بالمجلف -FWT1310BG,غسالات ملابس/LG موديلات,1.00,inventory_full.pdf (OCR),,
101001188,FOZEDYP24,ال حى غسالة ملابس تحميل امامى - FOZGDYP24,ال حى غسالة ملابس تحميل امامى - FOZGDYP24,غسالات ملابس/LG موديلات,1.00,inventory_full.pdf (OCR),,FOZGDYP24
101001190,FOZBDYP24,,,غسالات ملابس/LG موديلات,1.00,inventory_full.pdf (OCR),,
101001192,FOZEDRP24,لا جى غسالة ملابس تحميل امامى 0Z6DRP24 - 15,لا جى غسالة ملابس تحميل امامى 0Z6DRP24 - 15,غسالات ملابس/LG موديلات,1.00,inventory_full.pdf (OCR),,0Z6DRP24
101001193,F4Y2TYGYP,غسالة ملابس ال حى اتحميل امامى 8 ك - F4Y2TYGYP,غسالة ملابس ال حى اتحميل امامى 8 ك - F4Y2TYGYP,غسالات ملابس/LG موديلات,1.00,inventory_full.pdf (OCR),,
101001194,F4Y20YG6P,ال جى غسلة ملابس 7 كيلو 1400 لفه-F4Y2QYG6P,ال جى غسلة ملابس 7 كيلو 1400 لفه-F4Y2QYG6P,غسالات ملابس/LG موديلات,1.00,inventory_full.pdf (OCR),,F4Y2QYG6P
101001196,F4Y2TYGYZ,غسالة قول اتوماتيك ال جى الفرتر F4Y2TYGYZ - 8,غسالة قول اتوماتيك ال جى الفرتر F4Y2TYGYZ - 8,غسالات ملابس/LG موديلات,1.00,inventory_full.pdf (OCR),,
101001199,F4Y2TYGEX,غساله ال حى اوتوماتيك 8كيلو - F4Y2TYGGX,غساله ال حى اوتوماتيك 8كيلو - F4Y2TYGGX,غسالات ملابس/LG موديلات,1.00,inventory_full.pdf (OCR),,F4Y2TYGGX
101001202,F4X5EYG24,ل جى غسالة ملايس أمامية التحميل سعة - F4X5EYG24,ل جى غسالة ملايس أمامية التحميل سعة - F4X5EYG24,غسالات ملابس/LG موديلات,1.00,inventory_full.pdf (OCR),,
101001207,T23X5EHHSTX,,,غسالات ملابس/LG موديلات,1.00,inventory_full.pdf (OCR),,
101001208,T13V1TEHGX,نسالة ال جي فرق اتوماتيك 13 كبار - T13V1TEHGX,نسالة ال جي فرق اتوماتيك 13 كبار - T13V1TEHGX,غسالات ملابس/LG موديلات,,inventory_full.pdf (OCR),,
101001215,FWT25WBS,غسالة ملابس ال حى - FWT25WBS,غسالة ملابس ال حى - FWT25WBS,غسالات ملابس/LG موديلات,,inventory_full.pdf (OCR),,
101001216,FWT25WSS,غسلة ملابس ال جى - FWT25WSS,غسلة ملابس ال جى - FWT25WSS,غسالات ملابس/LG موديلات,1.00,inventory_full.pdf (OCR),,
101002014,DFB325HS,غسالة اطباق ال حى 14 فرد-DFB325HS,غسالة اطباق ال حى 14 فرد-DFB325HS,غسالات اطباق/LGG موديلات,1.00,inventory_full.pdf (OCR),,
101002018,DFC513FVE,,,غسالات اطباق/LGG موديلات,1.00,inventory_full.pdf (OCR),,
101002019,DFC287HVS,ال جى غسالة اطباق 14 مكان-DFC287HVS,ال جى غسالة اطباق 14 مكان-DFC287HVS,غسالات اطباق/LGG موديلات,1.00,inventory_full.pdf (OCR),,
101002020,DFC287HMS,ال جى غسالة أطباق 14 فرد اسود - DFC287HMS,ال جى غسالة أطباق 14 فرد اسود - DFC287HMS,غسالات اطباق/LGG موديلات,1.00,inventory_full.pdf (OCR),,
101002021,DFC435FP,ال جي غسالة اطباق 14 مكان لون سيلفر - DFC435FP,ال جي غسالة اطباق 14 مكان لون سيلفر - DFC435FP,غسالات اطباق/LGG موديلات,1.00,inventory_full.pdf (OCR),,
101004122,GC-X22FTOEL,GC-X22FTQEL-508 ياب 4 ثلاجة ال جى,GC-X22FTQEL-508 ياب 4 ثلاجة ال جى,ثلاجات/LG موديلات,1.00,inventory_full.pdf (OCR),,GC-X22FTQEL-508
101004125,GC-B257SLWL,,,ثلاجات/LG موديلات,1.00,inventory_full.pdf (OCR),,
101004126,GC-X257COHS,ل حي ثلاجة 24 قدم 665 لتر-C-X257CQHS:,ل حي ثلاجة 24 قدم 665 لتر-C-X257CQHS:,ثلاجات/LG موديلات,,inventory_full.pdf (OCR),,C-X257CQHS
101004139,GCFB507PQAM,ثلاجة ال حى انفرتر 519 لتر -GCFB507PQAM,ثلاجة ال حى انفرتر 519 لتر -GCFB507PQAM,ثلاجات/LG موديلات,1.00,inventory_full.pdf (OCR),,
101004145,GN-HTZZHFHL,,,ثلاجات/LG موديلات,1.00,inventory_full.pdf (OCR),,
101004158,GTF569PVAM,,,ثلاجات/LG موديلات,1.00,inventory_full.pdf (OCR),,
101004159,GTFAORSBAN,,,ثلاجات/LG موديلات,1.00,inventory_full.pdf (OCR),,
101004169,GRTB622PFBO,ل حى ثلاجة تو فروست الفرتر،GRTB622PFBQ,ل حى ثلاجة تو فروست الفرتر،GRTB622PFBQ,ثلاجات/LG موديلات,1.00,inventory_full.pdf (OCR),,GRTB622PFBQ
101004173,GTF452SSAN,,,ثلاجات/LG موديلات,1.00,inventory_full.pdf (OCR),,
101004175,GCFBABFPLAM,ثلاجة ال ، IUFB٩BFPLAM -تر ة OUE,ثلاجة ال ، IUFB٩BFPLAM -تر ة OUE,ثلاجات/LG موديلات,1.00,inventory_full.pdf (OCR),,
101005007,RHBOT2SP7RM,بإال جى مجلف بمضخة حرارية سعة - RHBOT2SP7RM,بإال جى مجلف بمضخة حرارية سعة - RHBOT2SP7RM,مجفف ال جى/LG موديلات,1.00,inventory_full.pdf (OCR),,
101005009,RH1OX5TV2NP,RH10X5TV2NP - ك 10 مجنف ال جى,RH10X5TV2NP - ك 10 مجنف ال جى,مجفف ال جى/LG موديلات,1.00,inventory_full.pdf (OCR),,RH10X5TV2NP
101005010,RH1OX54V2NP,RH1OX54V2NP - مجنف ال جى,RH1OX54V2NP - مجنف ال جى,مجفف ال جى/LG موديلات,1.00,inventory_full.pdf (OCR),,
101005011,FWT2ODBS,ال جى مجفف ملابس 20 ك - FWT20DBS,ال جى مجفف ملابس 20 ك - FWT20DBS,مجفف ال جى/LG موديلات,1.00,inventory_full.pdf (OCR),,FWT20DBS
101005012,FWT20DSS,FWT2ODSS - ك 20 ال جى مجقف ملابس,FWT2ODSS - ك 20 ال جى مجقف ملابس,مجفف ال جى/LG موديلات,1.00,inventory_full.pdf (OCR),,FWT2ODSS
101016001,HU641BBG,,,سطح ال جى/LG موديلات,1.00,inventory_full.pdf (OCR),,
101016002,CG523626S,,,سطح ال جى/LG موديلات,1.00,inventory_full.pdf (OCR),,
101018001,WSEZM722552,,,فرن بلت ان ال جى/LG موديلات,1.00,inventory_full.pdf (OCR),,
101018002,WSED7667M,ال جي فرن كهرباء بلت إن 60 سم - WSED7667M,ال جي فرن كهرباء بلت إن 60 سم - WSED7667M,فرن بلت ان ال جى/LG موديلات,,inventory_full.pdf (OCR),,
101018003,WSED7613S,,,فرن بلت ان ال جى/LG موديلات,1.00,inventory_full.pdf (OCR),,
101019001,HC7Z3625S,ال جي شفاط مطبخ بيلت ان 90 سم 830 م3/ساعة,HC7Z3625S - ال جي شفاط مطبخ بيلت ان 90 سم 830 م3/ساعة,شفاط,1,شفاط 15-9-2026.xls,https://cairosales.com/ar/?controller=product&id_product=42227,
101062465,65QNED86T6A,ال جى شاشة كيوليد 65 بوصة سمارت,65QNED86T6A - ال جى شاشة كيوليد 65 بوصة سمارت,شاشات,1,شاشات 15-9-2026.xls,https://cairosales.com/ar/?controller=product&id_product=40845,
101062505,OLED77C56LA,ال جى شاشة 77 بوصة اوليد سمارت,OLED77C56LA - ال جى شاشة 77 بوصة اوليد سمارت,شاشات,1,شاشات 15-9-2026.xls,https://cairosales.com/ar/?controller=product&id_product=44641,
101062516,100QNED86A6A,إل جي شاشة 100 بوصة QNED86 MiniLED 4KTV,100QNED86A6A - إل جي شاشة 100 بوصة QNED86 MiniLED 4KTV,شاشات,1,شاشات 15-9-2026.xls,https://cairosales.com/ar/?controller=product&id_product=45891,
101062528,50QNED70B6T,إل جي شاشة 50 بوصة QNED Mini LED سمارت,50QNED70B6T - إل جي شاشة 50 بوصة QNED Mini LED سمارت,شاشات,1,شاشات 15-9-2026.xls,https://cairosales.com/ar/?controller=product&id_product=49458,
101062531,OLED65CS6VA,إل جي شاشة 65 بوصة إل إي دي الترا اتش دي 3840*2160 بيكسل سمارت,OLED65CS6VA - إل جي شاشة 65 بوصة إل إي دي الترا اتش دي 3840*2160 بيكسل سمارت,شاشات,1,شاشات 15-9-2026.xls,https://cairosales.com/ar/?controller=product&id_product=49668,
101062532,OLED55CS6VA,إل جي شاشة 55 بوصة إل إي دي الترا اتش دي 3840*2160 بيكسل سمارت,OLED55CS6VA - إل جي شاشة 55 بوصة إل إي دي الترا اتش دي 3840*2160 بيكسل سمارت,شاشات,1,شاشات 15-9-2026.xls,https://cairosales.com/ar/?controller=product&id_product=49674,
101062534,75NU850B6LA,شاشة ال جي 75 بو صة سمارت NANO 4K UHD,75NU850B6LA -  شاشة ال جي 75  بو صة سمارت NANO 4K UHD,شاشات,1,شاشات 15-9-2026.xls,https://cairosales.com/ar/?controller=product&id_product=49498,
101062537,OLED65B66LA,شاشة ال جي OLED ذكية مقاس 65 بوصة بدقة 4K,OLED65B66LA - شاشة  ال جي OLED ذكية مقاس 65 بوصة بدقة 4K,شاشات,1,شاشات 15-9-2026.xls,https://cairosales.com/ar/?controller=product&id_product=49677,
101062538,OLED77G66LW,شاشة ال جي OLED ذكية مقاس 77 بوصة بدقة 4K,OLED77G66LW - شاشة ال جي OLED ذكية مقاس 77 بوصة بدقة 4K,شاشات,1,شاشات 15-9-2026.xls,https://cairosales.com/ar/?controller=product&id_product=49673,
101062539,OLED83C66LA,شاشة ال جي OLED ذكية مقاس 83 بوصة بدقة 4K,OLED83C66LA - شاشة  ال جي OLED ذكية مقاس 83 بوصة بدقة 4K,شاشات,1,شاشات 15-9-2026.xls,https://cairosales.com/ar/?controller=product&id_product=49672,
101062542,75QNED85B6T,شاشة ال جي 75 بوصه سمارت,75QNED85B6T -شاشة ال جي 75 بوصه سمارت,شاشات,1,شاشات 15-9-2026.xls,https://cairosales.com/ar/?controller=product&id_product=49733,
101062555,65QNED85B6T,تلفزيون ال جي LG QNED evo AI QNED85 Mini LED 4K Smart TV 2026 الذكي مقاس 65بوصة,65QNED85B6T-تلفزيون ال جي LG QNED evo AI QNED85 Mini LED 4K Smart TV 2026 الذكي مقاس 65بوصة,شاشات,1,شاشات 15-9-2026.xls,https://cairosales.com/ar/?controller=product&id_product=49789,
101062558,86QNED85B6T,تلفزيون ال جي LG QNED evo AI QNED85 Mini LED 4K Smart TV 2026 الذكي مقاس 86 بوصة,86QNED85B6T -تلفزيون ال جي LG QNED evo AI QNED85 Mini LED 4K Smart TV 2026 الذكي مقاس 86 بوصة,شاشات,1,شاشات 15-9-2026.xls,https://cairosales.com/ar/?controller=product&id_product=50887,
101062561,55QNED85B6T,ال جى شاشة 55 بوصه بدقة 4 K يدعم VRR سمارت مع ريموت ماجيك,55QNED85B6T - ال جى شاشة 55 بوصه بدقة 4 K يدعم VRR سمارت مع ريموت ماجيك,شاشات,1,شاشات 15-9-2026.xls,https://cairosales.com/ar/?controller=product&id_product=51230,
102002005,,,,فرن بلت ان ال جى/LG موديلات,,inventory_full.pdf (OCR),,
102016046,,,,فرن بلت ان ال جى/LG موديلات,,inventory_full.pdf (OCR),,
102016050,,,,فرن بلت ان ال جى/LG موديلات,1.00,inventory_full.pdf (OCR),,
102016087,,E53 ALL TCI BUT ابيض,E53 ALL TCI BUT ابيض,فرن بلت ان ال جى/LG موديلات,1.00,inventory_full.pdf (OCR),,
102016106,,,,فرن بلت ان ال جى/LG موديلات,1.00,inventory_full.pdf (OCR),,
102016108,,,,فرن بلت ان ال جى/LG موديلات,,inventory_full.pdf (OCR),,
102016150,,,,فرن بلت ان ال جى/LG موديلات,,inventory_full.pdf (OCR),,
102018031,HC-485,TEKA HC-485 WHITE كهرباء,TEKA HC-485 WHITE كهرباء,فرن بلت ان ال جى/LG موديلات,,inventory_full.pdf (OCR),,HC-485
102018085,,TEKA COMPACT HK 800 S/S كيرباء,TEKA COMPACT HK 800 S/S كيرباء,فرن بلت ان ال جى/LG موديلات,,inventory_full.pdf (OCR),,
103004121,WR-4385HSS,ثلاجة 2 باب استانلس 430 لتر - WR-4385HSS,ثلاجة 2 باب استانلس 430 لتر - WR-4385HSS,فرن بلت ان ال جى/LG موديلات,,inventory_full.pdf (OCR),,
103004122,WR-6399AB INV,ثلاجة رايت ويل 4 باب اسود - WR-6399AB INV,ثلاجة رايت ويل 4 باب اسود - WR-6399AB INV,فرن بلت ان ال جى/LG موديلات,1.00,inventory_full.pdf (OCR),,WR-6399AB
103004127,WR-5395 HBX,ثلاجة وايت ويل 2 باب اسود الفرتر - WR-5395 HBX,ثلاجة وايت ويل 2 باب اسود الفرتر - WR-5395 HBX,فرن بلت ان ال جى/LG موديلات,,inventory_full.pdf (OCR),,WR-5395
103004132,WR-4385 HB,ثلاجه جباب أسود 430 لتر بشاشة - WR.4385 HB,ثلاجه جباب أسود 430 لتر بشاشة - WR.4385 HB,فرن بلت ان ال جى/LG موديلات,,inventory_full.pdf (OCR),,WR.4385
103004135,WR-6395 HB,ثلاجة 2 باب لو فروست 640 لتر - WR-6395 HB,ثلاجة 2 باب لو فروست 640 لتر - WR-6395 HB,فرن بلت ان ال جى/LG موديلات,,inventory_full.pdf (OCR),,WR-6395
103004136,WR-G43B5HBV,وايت ويل ثلاجة 2 بابا نوفروست-WR-G4385HBV,وايت ويل ثلاجة 2 بابا نوفروست-WR-G4385HBV,فرن بلت ان ال جى/LG موديلات,,inventory_full.pdf (OCR),,WR-G4385HBV
103018001,WSO.B401M,,,موديلات وايت ويل لقرن بلت ان وايت ويل,,inventory_full.pdf (OCR),,
103018003,WSO.C301M,فرن بلت أن وايت وبل 30 لتر سلفر -WSO-C301M,فرن بلت أن وايت وبل 30 لتر سلفر -WSO-C301M,موديلات وايت ويل لقرن بلت ان وايت ويل,,inventory_full.pdf (OCR),,WSO-C301M
104001007,VH-720,غسالة ملابس توشريا حرضين 7ك -VH-720,غسالة ملابس توشريا حرضين 7ك -VH-720,موديلات وايت ويل لقرن بلت ان وايت ويل,,inventory_full.pdf (OCR),,
104001064,TWV-FN812BKOA,,,موديلات وايت ويل لقرن بلت ان وايت ويل,,inventory_full.pdf (OCR),,
104001066,TWE-TLNO9RDS,TWE-TLNO9RDS - غسالة ملابس تورنيدو فوق,TWE-TLNO9RDS - غسالة ملابس تورنيدو فوق,موديلات وايت ويل لقرن بلت ان وايت ويل,,inventory_full.pdf (OCR),,
104002005,TDV-FN107DDS,، غسالة أطباق تورنيدو 10 أفراد-TDV-FN1O7DDS,، غسالة أطباق تورنيدو 10 أفراد-TDV-FN1O7DDS,موديلات توشيبا/ غسالة اطباق تورنيدو,,inventory_full.pdf (OCR),,TDV-FN1O7DDS
104002006,TDV-FN128CDX,,,موديلات توشيبا/ غسالة اطباق تورنيدو,,inventory_full.pdf (OCR),,
104003012,RH-H1ET-BK,اتيب فريزز ثورنينو 5 درج 185 لئر - RH-H18T-BK,اتيب فريزز ثورنينو 5 درج 185 لئر - RH-H18T-BK,موديلات توشيبا/ غسالة اطباق تورنيدو,1.00,inventory_full.pdf (OCR),,RH-H18T-BK
104004101,RF.452BVT-SLS,ثلاجة تورتينو ديجيتال ، فريزر-RF-452BVT-SLS,ثلاجة تورتينو ديجيتال ، فريزر-RF-452BVT-SLS,موديلات توشيبا/ غسالة اطباق تورنيدو,1.00,inventory_full.pdf (OCR),,RF-452BVT-SLS
104004126,RF-40FT-SL,ثلاجة تورنيتو 2 باب 355 لتر بلازما - AF-4OFT-SL,ثلاجة تورنيتو 2 باب 355 لتر بلازما - AF-4OFT-SL,موديلات توشيبا/ غسالة اطباق تورنيدو,,inventory_full.pdf (OCR),,AF-4OFT-SL
104004138,RF-4OFTX-BK,ثلاجة تورنيدو لوفروست 355 لتر أسود-RF-4OFTX-BK,ثلاجة تورنيدو لوفروست 355 لتر أسود-RF-4OFTX-BK,موديلات توشيبا/ غسالة اطباق تورنيدو,,inventory_full.pdf (OCR),,
104004142,RF-33FT-SL,اثلاجة اتورنيدو توفروست 304 لتر سرلفر - RF-33FT-SL,اثلاجة اتورنيدو توفروست 304 لتر سرلفر - RF-33FT-SL,موديلات توشيبا/ غسالة اطباق تورنيدو,1.00,inventory_full.pdf (OCR),,
104016008,GHV-M6OCCU-G,GHV-MGOCCU-G- 60 x 60 بسطح تورنيتو بلت ان,GHV-MGOCCU-G- 60 x 60 بسطح تورنيتو بلت ان,موديلات توشيبالمسطح توشييا,1.00,inventory_full.pdf (OCR),,
104019011,HO60DS-1,شفاط تورنادو60 سم ديكوراتف ديجيتال استانلس بلت ان,HO60DS-1-شفاط تورنادو60 سم ديكوراتف ديجيتال استانلس بلت ان,شفاط,1,شفاط 15-9-2026.xls,https://cairosales.com/ar/?controller=product&id_product=3456,
104062201,43EL8250E-B,شاشة ال اى دى تورنيدو 43 بوصة,43EL8250E-B-شاشة ال اى دى تورنيدو 43 بوصة,شاشات,1,شاشات 15-9-2026.xls,https://cairosales.com/ar/?controller=product&id_product=12111,
104062256,50US1500E,شاشة تورنيدو 4K سمارت 50 بوصة DLED ، تدعم الواي فاي,50US1500E - شاشة تورنيدو 4K سمارت 50 بوصة DLED ، تدعم الواي فاي,شاشات,1,شاشات 15-9-2026.xls,https://cairosales.com/ar/?controller=product&id_product=31652,
104062265,43EC3300E,شاشة تليفزيون تورنيدو 43 بوصة FHD دي إل إي دي ريسيفر داخلي,43EC3300E - شاشة تليفزيون تورنيدو 43 بوصة FHD دي إل إي دي ريسيفر داخلي,شاشات,1,شاشات 15-9-2026.xls,https://cairosales.com/ar/?controller=product&id_product=40638,
104062285,50UA5300E,شاشة تورنيدو 4K بدون فريم 50 بوصة أندرويد ريسيفر داخلي,50UA5300E-شاشة تورنيدو 4K بدون فريم 50 بوصة أندرويد ريسيفر داخلي,شاشات,1,شاشات 15-9-2026.xls,https://cairosales.com/ar/?controller=product&id_product=46998,
104062289,55C6K,شاشة تي سي إل 4K سمارت بدون فريم QD-Mini LED 55 بوصة ريسيفر داخلي,55C6K - شاشة تي سي إل 4K سمارت بدون فريم QD-Mini LED 55 بوصة ريسيفر داخلي,شاشات,1,شاشات 15-9-2026.xls,https://cairosales.com/ar/?controller=product&id_product=46276,
104062291,55P7K,شاشة تي سي إل 4K سمارت بدون فريم QLED 55 بوصة ريسيفر داخلي,55P7K - شاشة تي سي إل 4K سمارت بدون فريم QLED 55 بوصة ريسيفر داخلي,شاشات,1,شاشات 15-9-2026.xls,https://cairosales.com/ar/?controller=product&id_product=46278,
105001031,ES-TD15GBKP,: ملايس شارب 15 كجم فرق - TD15GBKP.,: ملايس شارب 15 كجم فرق - TD15GBKP.,موديلات شارب/ غسالة ملايس شارب,1.00,inventory_full.pdf (OCR),,TD15GBKP.
105001035,ES-FP132KLE-G,غسالة ملابس شارب E1E,غسالة ملابس شارب E1E,موديلات شارب/ غسالة ملايس شارب,1.00,inventory_full.pdf (OCR),,
105001036,ES-FS104KLE-G,غسالة ملابس شارب EE,غسالة ملابس شارب EE,موديلات شارب/ غسالة ملايس شارب,1.00,inventory_full.pdf (OCR),,
105001038,ES-FSB52KLE-G,غسالة ملاس شارب E,غسالة ملاس شارب E,موديلات شارب/ غسالة ملايس شارب,1.00,inventory_full.pdf (OCR),,
105001039,ES-DP114KLE-G,غسالة ملابس شارب EE,غسالة ملابس شارب EE,موديلات شارب/ غسالة ملايس شارب,1.00,inventory_full.pdf (OCR),,
105002009,QW-V1015A-BK,,,موديلات شارب/غسالة اطباق شارب,1.00,inventory_full.pdf (OCR),,
105003002,FJ-EC2TIST,ب فريزر شارب انفرتر ديجيتال -J-EC27(ST,ب فريزر شارب انفرتر ديجيتال -J-EC27(ST,موديلات شارب/فريزر شارب,,inventory_full.pdf (OCR),,J-EC27
105004048,SJ-PC5BA(ST,ثلاجة شارب 2 باب 450 لتر بلازما-SJ-PC5BA(ST,ثلاجة شارب 2 باب 450 لتر بلازما-SJ-PC5BA(ST,موديلات شارب/فريزر شارب,,inventory_full.pdf (OCR),,SJ-PC5BA
105004056,SJ-PC4BA(BK,ثلاجة شارب صباب بلازما384 لتر-SJ-PC4BA(BK,ثلاجة شارب صباب بلازما384 لتر-SJ-PC4BA(BK,موديلات شارب/فريزر شارب,,inventory_full.pdf (OCR),,SJ-PC4BA
105004072,SJ.GVE9G-AD,اثلاجة شارب انفرتر ديجيتال لوفروست-SJ.GVEGG-RD,اثلاجة شارب انفرتر ديجيتال لوفروست-SJ.GVEGG-RD,موديلات شارب/فريزر شارب,1.00,inventory_full.pdf (OCR),,
105004095,SJ-GV63G-SL,ثلاجة شارب انفرتر ديجيتال لوفروست-SJ-GV83G-SL,ثلاجة شارب انفرتر ديجيتال لوفروست-SJ-GV83G-SL,موديلات شارب/فريزر شارب,1.00,inventory_full.pdf (OCR),,SJ-GV83G-SL
105004113,SJ-PVEOK.BK,ثلاجة شارب انفرتر 2 باب 450 لتر - SJ.PVGOK-BK,ثلاجة شارب انفرتر 2 باب 450 لتر - SJ.PVGOK-BK,موديلات شارب/فريزر شارب,,inventory_full.pdf (OCR),,
105007064,ES-FE752KLE-W,غسالة ملابس شارب EE75E,غسالة ملابس شارب EE75E,موديلات شارب/ غسالة ملايس شارب,1.00,inventory_full.pdf (OCR),,EE75E
107001797,F4Y2VYGYP,ال جى غسالة ملابس 9 كيلر 1400 لنه - F4Y2VYGYP,ال جى غسالة ملابس 9 كيلر 1400 لنه - F4Y2VYGYP,غسالات ملابس/LG موديلات,1.00,inventory_full.pdf (OCR),,
109004123,WR-4385 HSSX,ثلاجة وايت ويل 2 باب سيلفر - WR.4385 HSSX,ثلاجة وايت ويل 2 باب سيلفر - WR.4385 HSSX,فرن بلت ان ال جى/LG موديلات,,inventory_full.pdf (OCR),,WR.4385
111001050,WFSTeeXS,غسالة ملابس بيكو تحميل أمامى 8 كيلر - WFST86XS,غسالة ملابس بيكو تحميل أمامى 8 كيلر - WFST86XS,موديلات بيكو /غسائة ملايعن بيكو,1.00,inventory_full.pdf (OCR),,WFST86XS
111001051,WFST9TXA,لغة ديجيتال الفرتر رمادي 1200 غساله بيكر وك 1400 لنه ديجيتال - WFST97XA,لغة ديجيتال الفرتر رمادي 1200 غساله بيكر وك 1400 لنه ديجيتال - WFST97XA,موديلات بيكو /غسائة ملايعن بيكو,,inventory_full.pdf (OCR),,WFST97XA
111002016,BDFN15420B,بيكو غسالة اطباق 14 فرد 5 برامج - BDFN154208,بيكو غسالة اطباق 14 فرد 5 برامج - BDFN154208,موديلات بيكو /غسالة اطباق بيكو,1.00,inventory_full.pdf (OCR),,BDFN154208
111002018,BDFN36531XC,بيكو غسالة اطباق 15فرد 6 برامج - BDFN36531XC,بيكو غسالة اطباق 15فرد 6 برامج - BDFN36531XC,موديلات بيكو /غسالة اطباق بيكو,1.00,inventory_full.pdf (OCR),,
111002020,BDFN26520X0,غسالة اطباق 6 برنامج 15 فرد BDFN26520XQ-60,غسالة اطباق 6 برنامج 15 فرد BDFN26520XQ-60,موديلات بيكو /غسالة اطباق بيكو,1.00,inventory_full.pdf (OCR),,BDFN26520XQ-60
111002028,BDFN36531XCPI,غسالة أطباق بيكر 60 سم» BDFN36531XCP| - 11,غسالة أطباق بيكر 60 سم» BDFN36531XCP| - 11,موديلات بيكو /غسالة اطباق بيكو,1.00,inventory_full.pdf (OCR),,BDFN36531XCP
111003022,RFNM200E208,بيب فريزر بيكو 5 درج راسى - RFNM200E20B,بيب فريزر بيكو 5 درج راسى - RFNM200E20B,موديلات بيكو /ديب فريزر بيكو,1.00,inventory_full.pdf (OCR),,RFNM200E20B
111003025,B3RFNE294XB,,,موديلات بيكو /ديب فريزر بيكو,1.00,inventory_full.pdf (OCR),,
111003026,B3RFNE274B,,,موديلات بيكو /ديب فريزر بيكو,1.00,inventory_full.pdf (OCR),,
111004049,RDNE650E60XP,بيكو ثلاجة 630 لتر صاني-RDNE650E60XP,بيكو ثلاجة 630 لتر صاني-RDNE650E60XP,موديلات بيكو لثلاجة بيكو,1.00,inventory_full.pdf (OCR),,
111004060,GNE1346262XH,ثلاجه 4 باب بيكو 626 لتر - GNE134626ZXH,ثلاجه 4 باب بيكو 626 لتر - GNE134626ZXH,موديلات بيكو لثلاجة بيكو,,inventory_full.pdf (OCR),,GNE134626ZXH
111004067,B3RDNE500LXBR,B3RDNE500LXBR - 477ياب بيكو صافى 2 ثلاجه,B3RDNE500LXBR - 477ياب بيكو صافى 2 ثلاجه,موديلات بيكو لثلاجة بيكو,7.00,inventory_full.pdf (OCR),,
111004068,RDNE455M20XBIDS,RDNE455M20XBIDS - باب 2 ثلاجه بيكر نوفروست,RDNE455M20XBIDS - باب 2 ثلاجه بيكر نوفروست,موديلات بيكو لثلاجة بيكو,,inventory_full.pdf (OCR),,
111004080,RCNE590E35ZXP2,ثلاجة بيكر كرسبى نوفرست - RCNE590E35ZXP2,ثلاجة بيكر كرسبى نوفرست - RCNE590E35ZXP2,موديلات بيكو لثلاجة بيكو,,inventory_full.pdf (OCR),,
111004083,RDNE420KD,ثلاجة بيكو توفروست ، 390 لتر ، RDNE420KD- 2,ثلاجة بيكو توفروست ، 390 لتر ، RDNE420KD- 2,موديلات بيكو لثلاجة بيكو,1.00,inventory_full.pdf (OCR),,RDNE420KD-
111004087,GNE60500XEG,سايد بابين وX2ثلاجة بيكو سايد - GNE60500XEG,سايد بابين وX2ثلاجة بيكو سايد - GNE60500XEG,موديلات بيكو لثلاجة بيكو,1.00,inventory_full.pdf (OCR),,
111016004,HIMW 95226 SXEL,-1IMW 95226 SXEL-5 سم 90 سطح غاز بيكر ققطعة,-1IMW 95226 SXEL-5 سم 90 سطح غاز بيكر ققطعة,موديلات بيكو /سطح بيكو,1.00,inventory_full.pdf (OCR),,SXEL-5
111016007,HIAW 64225 SX|,مسطع بيكو غاز 50 سم 4 ش استاناس-HIAWE4225SX اقطعة,مسطع بيكو غاز 50 سم 4 ش استاناس-HIAWE4225SX اقطعة,موديلات بيكو /سطح بيكو,1.00,inventory_full.pdf (OCR),,HIAWE4225SX
111016008,HISW95226SEL,مسطح غاز بيكو 5 ش 90 سم اسود -HISW95226SEL اقطعة,مسطح غاز بيكو 5 ش 90 سم اسود -HISW95226SEL اقطعة,موديلات بيكو /سطح بيكو,,inventory_full.pdf (OCR),,
111016009,HILW 75222 S,سنطح غال بيكر 75 سم 5 شمطة شعلة -HILW 75222 S قطعة,سنطح غال بيكر 75 سم 5 شمطة شعلة -HILW 75222 S قطعة,موديلات بيكو /سطح بيكو,1.00,inventory_full.pdf (OCR),,75222
111016010,HIAW 64225 BX,مسطح بيكو غاز 60 سم - HIAW 64225 BX قطعة,مسطح بيكو غاز 60 سم - HIAW 64225 BX قطعة,موديلات بيكو /سطح بيكو,1.00,inventory_full.pdf (OCR),,64225
111016012,HILW 64222 SE,طح غاز بيكر 60 سم 4 شع,طح غاز بيكر 60 سم 4 شع,موديلات بيكو /سطح بيكو,1.00,inventory_full.pdf (OCR),,
111017023,BGGR 11225 GB2,رتاجاز بيكر 5 شعلة 90 سم - 3GGR 11225 GB2 قطعة,رتاجاز بيكر 5 شعلة 90 سم - 3GGR 11225 GB2 قطعة,موديلات بيكو /سطح بيكو,1.00,inventory_full.pdf (OCR),,11225
111018011,EBIM17300WD,بيكو ڤرن كيرباء بلت ان 60 سم - BBIM17300WD قطعة,بيكو ڤرن كيرباء بلت ان 60 سم - BBIM17300WD قطعة,موديلات بيكو /سطح بيكو,,inventory_full.pdf (OCR),,BBIM17300WD
111018016,EBIH12100BC,فرن غاز بلت ان بيكر، 66 لتر، BBIH12100BC -60 قطعة,فرن غاز بلت ان بيكر، 66 لتر، BBIH12100BC -60 قطعة,موديلات بيكو /سطح بيكو,,inventory_full.pdf (OCR),,BBIH12100BC
111019002,HCA62640BE,شفاط مطبخ 60 سم - زجاج اسود - مدخنة,HCA62640BE-شفاط مطبخ 60 سم - زجاج اسود - مدخنة,شفاط,1,شفاط 15-9-2026.xls,https://cairosales.com/ar/?controller=product&id_product=11301,
111019003,CFB 9433 XF,شفاط مطبخ بيكو 90 سم - استانلس -2 موتور- مدخنة,CFB 9433 XF-شفاط مطبخ بيكو 90 سم - استانلس -2 موتور- مدخنة,شفاط,1,شفاط 15-9-2026.xls,,
111019006,CWB 9441 XNH,بيكو شفاط بالمدخنة 90 سم,CWB 9441 XNH - بيكو شفاط بالمدخنة 90 سم,شفاط,1,شفاط 15-9-2026.xls,https://cairosales.com/ar/?controller=product&id_product=26046,
112016001,B0293GC/L,سطح بيلت ان غاز بومباتي 90 سم B0293GC/L-5 قطعة,سطح بيلت ان غاز بومباتي 90 سم B0293GC/L-5 قطعة,موديلات يومياتي/مسطح بلت ان بومياتى,,inventory_full.pdf (OCR),,B0293GC/L-5
112016008,B0217VK/L,,,موديلات يومياتي/مسطح بلت ان بومياتى,,inventory_full.pdf (OCR),,
112016010,BO267RD/E,باني مسطح بيلت ان كهرباء 38 سم - 0267RD/E قطعة,باني مسطح بيلت ان كهرباء 38 سم - 0267RD/E قطعة,موديلات يومياتي/مسطح بلت ان بومياتى,,inventory_full.pdf (OCR),,0267RD/E
112018005,BO243EI-E,,,موديلات بومباتي /قرن بلت ان بومباتى,,inventory_full.pdf (OCR),,
112019001,BOCP413/G,بومباني شفاط هرمي بالمدخنة 60 سم 550 م3/ساعة 4 سرعات لون استانليس ستيل,BOCP413/G - بومباني شفاط هرمي بالمدخنة 60 سم 550 م3/ساعة 4 سرعات لون استانليس ستيل,شفاط,1,شفاط 15-9-2026.xls,https://cairosales.com/ar/?controller=product&id_product=11567,
113001001,BD-100XFVEM,,,موديلات هيتاشي/غسالة ملايس هيتاشى,,inventory_full.pdf (OCR),,
113001002,BD.80YFVEM,,,موديلات هيتاشي/غسالة ملايس هيتاشى,,inventory_full.pdf (OCR),,
113004096,R.B590EY2R,,,موديلات هيتاشي/غسالة ملايس هيتاشى,,inventory_full.pdf (OCR),,
113004097,R-V650EY2R,,,موديلات هيتاشي/غسالة ملايس هيتاشى,,inventory_full.pdf (OCR),,
113004098,A-V5OOEY2R,بتاشيى نااجة 590 لتر 2 باب موتور -R-V590EY2R,بتاشيى نااجة 590 لتر 2 باب موتور -R-V590EY2R,موديلات هيتاشي/غسالة ملايس هيتاشى,1.00,inventory_full.pdf (OCR),,R-V590EY2R
115001013,AOD107OD 497X EX,• لرتسبون اتواس 1D٦07 0D ٤97X-X-٤ 10,• لرتسبون اتواس 1D٦07 0D ٤97X-X-٤ 10,موديلات أريستون /غسالة ملايس أريسيتون,1.00,inventory_full.pdf (OCR),,97X-X-
115001019,NM 10 723 SS EX,ريستون غسالة ملاس 7 كيلر -NM 10 723 SS EX,ريستون غسالة ملاس 7 كيلر -NM 10 723 SS EX,موديلات أريستون /غسالة ملايس أريسيتون,1.00,inventory_full.pdf (OCR),,
115001020,NLM11946 SC AEX,NLM11946 SC AEX-غسلة ملايس اريستون,NLM11946 SC AEX-غسلة ملايس اريستون,موديلات أريستون /غسالة ملايس أريسيتون,1.00,inventory_full.pdf (OCR),,NLM11946
115001028,NS 723U GG EG,ساله ملابس اريستون 7 كيلو - NS 723U GG EG,ساله ملابس اريستون 7 كيلو - NS 723U GG EG,موديلات أريستون /غسالة ملايس أريسيتون,1.00,inventory_full.pdf (OCR),,
115001032,WEST8GWHR,VFSTBGWHR - كجم 8 يستون غساله ملابس,VFSTBGWHR - كجم 8 يستون غساله ملابس,موديلات أريستون /غسالة ملايس أريسيتون,1.00,inventory_full.pdf (OCR),,
115002016,LSFO 3T223 W X,غسالة اطباق اريستون 45 سم-LSFO 3T223 W X,غسالة اطباق اريستون 45 سم-LSFO 3T223 W X,موديلات أريستون إغسائة اطباق اريستون,1.00,inventory_full.pdf (OCR),,3T223
115002019,LFC3033WLTX,غسالة اطباق اريستون -LFC3033WLTX,غسالة اطباق اريستون -LFC3033WLTX,موديلات أريستون إغسائة اطباق اريستون,1.00,inventory_full.pdf (OCR),,
115002022,LFP-5P31-WLT-X,اريستون غسالة اطباق 15 افراد-LFP-5P31-WLT-X,اريستون غسالة اطباق 15 افراد-LFP-5P31-WLT-X,موديلات أريستون إغسائة اطباق اريستون,1.00,inventory_full.pdf (OCR),,
115002023,DFS606XO,اريستون غسالة أطباق انفرتر 10 أفراد - DFS606XQ,اريستون غسالة أطباق انفرتر 10 أفراد - DFS606XQ,موديلات أريستون إغسائة اطباق اريستون,1.00,inventory_full.pdf (OCR),,DFS606XQ
115002024,DFN856XQ,غسالة أطباق اريستون 60 سم 15 فرد DFN856XQ - 8,غسالة أطباق اريستون 60 سم 15 فرد DFN856XQ - 8,موديلات أريستون إغسائة اطباق اريستون,1.00,inventory_full.pdf (OCR),,
115002026,DFN436X,,,موديلات أريستون إغسائة اطباق اريستون,1.00,inventory_full.pdf (OCR),,
115003005,ARU6OF63XEG,اريستون ديب فريزر راسي ديجيتال - ARU6OF63XEG,اريستون ديب فريزر راسي ديجيتال - ARU6OF63XEG,موديلات اريستون /ديب فريزر أريستون,1.00,inventory_full.pdf (OCR),,
115004015,ARB7B F6593 XNA,ARB7B F6593 XNA - لتر 590 ثلاجة اريستون,ARB7B F6593 XNA - لتر 590 ثلاجة اريستون,موديلات اريستون لثلاجة اريستون,1.00,inventory_full.pdf (OCR),,ARB7B
115004019,ART70 F1452 DXDI,ART70 F1452 DXDI - لتر 455 ثلاجة اريستون,ART70 F1452 DXDI - لتر 455 ثلاجة اريستون,موديلات اريستون لثلاجة اريستون,1.00,inventory_full.pdf (OCR),,ART70
115016005,PCN 641 T/IX/A,طح اريستون 60 سم 4 عين غاز -CN 641 T/IX/A,طح اريستون 60 سم 4 عين غاز -CN 641 T/IX/A,موديلات اريستون/مسطح اريستون,1.00,inventory_full.pdf (OCR),,
115016007,HR 609 C A,مسطح اريستون كيرباء بلت إن 60 سم -HR 609 C A,مسطح اريستون كيرباء بلت إن 60 سم -HR 609 C A,موديلات اريستون/مسطح اريستون,1.00,inventory_full.pdf (OCR),,
115016014,PHN 961 TS/IX/A,HN 961 TS/IX/A-عين 6 سم 90 طح اريستون,HN 961 TS/IX/A-عين 6 سم 90 طح اريستون,موديلات اريستون/مسطح اريستون,1.00,inventory_full.pdf (OCR),,
115016018,PHN 942 T/IXJA,,,موديلات اريستون/مسطح اريستون,1.00,inventory_full.pdf (OCR),,
115016021,PH 941 MSTBGH,سطح اريستون 90سم - 4شعلات-PH 941 MSTBGH,سطح اريستون 90سم - 4شعلات-PH 941 MSTBGH,موديلات اريستون/مسطح اريستون,1.00,inventory_full.pdf (OCR),,
115016023,PH941MSIX-,PH941MSIX-ش 4 مسطح اويعتون,PH941MSIX-ش 4 مسطح اويعتون,موديلات اريستون/مسطح اريستون,1.00,inventory_full.pdf (OCR),,PH941MSIX-
115016025,AGS92SBK,مسطح اريستون غاز-AGS92SBK,مسطح اريستون غاز-AGS92SBK,موديلات اريستون/مسطح اريستون,1.00,inventory_full.pdf (OCR),,
115016028,ARH 6G4R22 W2XNA,ARH GG4R22 W2XNA-4 :مسطح بلت ان اريستون,ARH GG4R22 W2XNA-4 :مسطح بلت ان اريستون,موديلات اريستون/مسطح اريستون,1.00,inventory_full.pdf (OCR),,W2XNA-4
115018007,FA3 530 HIX A,نرن اريستون 60 سم كهرباء بشراية-FA3 530 H IX A,نرن اريستون 60 سم كهرباء بشراية-FA3 530 H IX A,موديلات اريستون اقرن بلت ان اريستون,,inventory_full.pdf (OCR),,
115018016,GA3 124 1X,,,موديلات اريستون اقرن بلت ان اريستون,,inventory_full.pdf (OCR),,
115018020,GESM53IXA30,,,موديلات اريستون اقرن بلت ان اريستون,,inventory_full.pdf (OCR),,
115018023,AROGER1G1CXNA,AROGER1G1CXNA-سم غاز شوايه كيرباء 60 فرن,AROGER1G1CXNA-سم غاز شوايه كيرباء 60 فرن,موديلات اريستون اقرن بلت ان اريستون,,inventory_full.pdf (OCR),,AROGER1G1CXNA-
115018025,AROG 9R2F3NG XNA,,,موديلات اريستون اقرن بلت ان اريستون,,inventory_full.pdf (OCR),,
115018027,AROE6R395C XNA,ريستون فرن كهرباء بلت إن - AROE6R395C XNA,ريستون فرن كهرباء بلت إن - AROE6R395C XNA,موديلات اريستون اقرن بلت ان اريستون,,inventory_full.pdf (OCR),,AROE6R395C
115019001,AHPN 9.4F LM X,شفاط اريستون 90 سم هرمي بالمدخنة 416م3/ثانية استانليس,AHPN 9.4F AM X- شفاط اريستون 90 سم هرمي بالمدخنة 416م3/ثانية استانليس,شفاط,1,شفاط 15-9-2026.xls,https://cairosales.com/ar/?controller=product&id_product=44051,
115019014,ARO V9442 F BNA,شفاط اريستون 90 سم ديجيتال,ARO V9442 F BNA-شفاط اريستون 90 سم ديجيتال,شفاط,1,شفاط 15-9-2026.xls,https://cairosales.com/ar/?controller=product&id_product=47264,
117019028,STRIPE-LUX-90-BL-KL,إليكا شفاط ديكوري 90 سم 900 م3/ساعة لون اسود,STRIPE-LUX-90-BL-KL-إليكا شفاط ديكوري 90 سم 900 م3/ساعة لون اسود,شفاط,1,شفاط 15-9-2026.xls,https://cairosales.com/ar/?controller=product&id_product=50231,
117019033,CONCORDE 60,إليكا شفاط حفر 60 سم 400 م3/ساعة 2 موتور استانلس استيل,CONCORDE 60- إليكا شفاط حفر 60 سم 400 م3/ساعة 2 موتور استانلس استيل,شفاط,1,شفاط 15-9-2026.xls,,
117019042,Krea-60-KL,إليكا كيتشن لاين شفاط 60 سم - 450 متر مكعب/ساعة لون استانلس ستيل,Krea-60-KL-إليكا كيتشن لاين شفاط 60 سم - 450 متر مكعب/ساعة لون استانلس ستيل,شفاط,1,شفاط 15-9-2026.xls,https://cairosales.com/ar/?controller=product&id_product=5393,
117019044,ELICA JOY-PRF0104626A,شفاط حرف تي 90 سم جوي بدون فلتر قوه شفط 1000كم/س,ELICA JOY-PRF0104626A-شفاط حرف تي 90 سم جوي بدون فلتر قوه شفط 1000كم/س,شفاط,1,شفاط 15-9-2026.xls,,
117019045,KREA-BLACK-KL,إليكا كيتشن لاين شفاط 60 سم- 450 متر مكعب/ساعة لون أسود,KREA-BLACK-KL-إليكا كيتشن لاين شفاط 60 سم- 450 متر مكعب/ساعة لون أسود,شفاط,1,شفاط 15-9-2026.xls,https://cairosales.com/ar/?controller=product&id_product=45215,
117019051,TAMAYA-90-KL,إليكا شفاط هرمي 90 سم 600 متر3/ ساعة لون أسود,TAMAYA-90-KL-إليكا شفاط هرمي 90 سم 600 متر3/ ساعة لون أسود,شفاط,1,شفاط 15-9-2026.xls,https://cairosales.com/ar/?controller=product&id_product=35243,
117019052,TAMAYA-90-ST-KL,إليكا شفاط هرمي 90 سم 600 م3/ ساعة ستانلس ستيل,TAMAYA-90-ST-KL-إليكا شفاط هرمي 90 سم 600 م3/ ساعة ستانلس ستيل,شفاط,1,شفاط 15-9-2026.xls,https://cairosales.com/ar/?controller=product&id_product=4421,
117077187,BGGR 11228 GXA,,,موديلات بيكو /سطح بيكو,,inventory_full.pdf (OCR),,
118001001,WHPM-1ONWH,يونيفرسال غسالة ملابس هاف - WHPM-1ONWH,يونيفرسال غسالة ملابس هاف - WHPM-1ONWH,موديلات يونيقر سال/ غسالة ملابس يونيفرسال,,inventory_full.pdf (OCR),,
119001005,KTW- 1212-CS,,,موديلات كريازي /غسالة كريازى,,inventory_full.pdf (OCR),,
119003009,KH256VF-ACM MONO 6,,,موديلات كريازي اديب فريزر كريازي,,inventory_full.pdf (OCR),,
119003010,KH256VF-METALIC,,,موديلات كريازي اديب فريزر كريازي,,inventory_full.pdf (OCR),,
119003015,KH 225 CF-W,,,موديلات كريازي اديب فريزر كريازي,,inventory_full.pdf (OCR),,
119004016,KH 625 L N/15,,,موديلات كريازي الثلاجة كريازى,,inventory_full.pdf (OCR),,
119004018,KH370 LN/3,,,موديلات كريازي الثلاجة كريازى,,inventory_full.pdf (OCR),,
119004021,KH 540 LN -UGHOO44N,امعرجة كربازى سولتير بريمير أود بشاشة-KH1370 LN/3,امعرجة كربازى سولتير بريمير أود بشاشة-KH1370 LN/3,موديلات كريازي الثلاجة كريازى,,inventory_full.pdf (OCR),,KH1370
119004027,E47ONV/2B,,,موديلات كريازي الثلاجة كريازى,,inventory_full.pdf (OCR),,
119004028,E520 NV/2 BK,العودة كربازى 16 قدم توين تربر كريستال-E4TONV/2B,العودة كربازى 16 قدم توين تربر كريستال-E4TONV/2B,موديلات كريازي الثلاجة كريازى,,inventory_full.pdf (OCR),,E4TONV/2B
119004030,KH371NV/2 B,كريستال -ليد اسود,كريستال -ليد اسود,موديلات كريازي الثلاجة كريازى,,inventory_full.pdf (OCR),,
119004039,UGOT47NS,KH 425 LN - UGOT47NS مة كريازى بريمس53 KH 425 LN - UGOT47NS,KH 425 LN - UGOT47NS مة كريازى بريمس53 KH 425 LN - UGOT47NS,موديلات كريازي الثلاجة كريازى,1.00,inventory_full.pdf (OCR),,UGOT47NS
119017001,9601+2S,بوتاجاز كريازى 5 شطة 60*90 ستيل مدور-9601+2 S,بوتاجاز كريازى 5 شطة 60*90 ستيل مدور-9601+2 S,موديلات كريازي ليوتلجاز تريازى,1.00,inventory_full.pdf (OCR),,
119017004,,بوتاجاز كريازى 5 شعطة 60*90 ستيل قديم -8900,بوتاجاز كريازى 5 شعطة 60*90 ستيل قديم -8900,موديلات كريازي ليوتلجاز تريازى,1.00,inventory_full.pdf (OCR),,
119017009,60-80,بوتاجاز كريازى 5 شعلة 60-80 ستيل 8600,بوتاجاز كريازى 5 شعلة 60-80 ستيل 8600,موديلات كريازي ليوتلجاز تريازى,1.00,inventory_full.pdf (OCR),,60-80
119017018,9604F,,,موديلات كريازي ليوتلجاز تريازى,1.00,inventory_full.pdf (OCR),,
119017020,9TOUSH,بوتاجاز كريازى 5 ش 60*90 استيل جركر -9700SM,بوتاجاز كريازى 5 ش 60*90 استيل جركر -9700SM,موديلات كريازي ليوتلجاز تريازى,1.00,inventory_full.pdf (OCR),,9700SM
119017021,9OFC9 SMART N,بوتاجاز كريازى 5 شعلة90FC9 SMART N-90*60,بوتاجاز كريازى 5 شعلة90FC9 SMART N-90*60,موديلات كريازي ليوتلجاز تريازى,1.00,inventory_full.pdf (OCR),,90FC9
120001057,WWBOT534DANTAS,WW8OT534DAN1AS-كجم 8 غسالة سامسونج,WW8OT534DAN1AS-كجم 8 غسالة سامسونج,موديلات سامسونج/غسالة ملابس سامسونج,1.00,inventory_full.pdf (OCR),,WW8OT534DAN1AS-
120001059,WWBOT4020CX1AS,غسلة ملابس سامسونج 8 ك - WW8OT4020CX1AS,غسلة ملابس سامسونج 8 ك - WW8OT4020CX1AS,موديلات سامسونج/غسالة ملابس سامسونج,1.00,inventory_full.pdf (OCR),,WW8OT4020CX1AS
120001067,WW11B1944DGBAS,,,موديلات سامسونج/غسالة ملابس سامسونج,1.00,inventory_full.pdf (OCR),,
120001069,WA14F5SAUWAUAS,WA14F5S4UWAUAS - غسالة ملايس سامسونج فرق,WA14F5S4UWAUAS - غسالة ملايس سامسونج فرق,موديلات سامسونج/غسالة ملابس سامسونج,1.00,inventory_full.pdf (OCR),,WA14F5S4UWAUAS
120001070,WA19CG6745BV/AS,ساله ملابس سامسونج فوق - VA19CG6745BV/AS,ساله ملابس سامسونج فوق - VA19CG6745BV/AS,موديلات سامسونج/غسالة ملابس سامسونج,1.00,inventory_full.pdf (OCR),,VA19CG6745BV/AS
120001072,WWBOCGCOEDABAS,غسالة ملايس سأمسونج,غسالة ملايس سأمسونج,موديلات سامسونج/غسالة ملابس سامسونج,1.00,inventory_full.pdf (OCR),,
120001075,WA11DG5410BDAS,سامسونج غسلة ملابس تحميل-WA11DG5410BDAS,سامسونج غسلة ملابس تحميل-WA11DG5410BDAS,موديلات سامسونج/غسالة ملابس سامسونج,1.00,inventory_full.pdf (OCR),,
120004082,RS68A8820B1/MR,ثلاجة سامسونج سايد باي سايد -RS68A8820B1/MR,ثلاجة سامسونج سايد باي سايد -RS68A8820B1/MR,موديلات سامسونج الثلاجة سامسونج,1.00,inventory_full.pdf (OCR),,
120004085,RS66A8100B1/MR,ثلاجة سامسونج 632 لتر RS66A8100B1/MR. 22,ثلاجة سامسونج 632 لتر RS66A8100B1/MR. 22,موديلات سامسونج الثلاجة سامسونج,1.00,inventory_full.pdf (OCR),,RS66A8100B1/MR.
120004099,RB34C672EB1/MR,ساسونج ثلاجة نوفروست - RB34C672EB1/MR,ساسونج ثلاجة نوفروست - RB34C672EB1/MR,موديلات سامسونج الثلاجة سامسونج,1.00,inventory_full.pdf (OCR),,
120004102,RB34C632ES9/MR,ثلاجة سامسونج ديجيتال - RB34C632ES9/MR,ثلاجة سامسونج ديجيتال - RB34C632ES9/MR,موديلات سامسونج الثلاجة سامسونج,1.00,inventory_full.pdf (OCR),,
120004105,RS70F65QAFMR,مالمسونج ثلاجة لوفرومت RS70F65QAFMR - 659,مالمسونج ثلاجة لوفرومت RS70F65QAFMR - 659,موديلات سامسونج الثلاجة سامسونج,1.00,inventory_full.pdf (OCR),,
120010035,VG-SCFA43WTRU,,,موديلات سامسونج/مستلزمات شاشة سامسونج,1.00,inventory_full.pdf (OCR),,
120062396,QA55QN85DB,سامسونج شاشة 55 بوصة كيو ال اي دي الترا اتش دي فور كاي فئه نيو سمارت وايرلس برسيفر داخل,QA55QN85DB - سامسونج شاشة 55 بوصة كيو ال اي دي الترا اتش دي فور كاي فئه نيو سمارت وايرلس برسيفر داخل,شاشات,1,شاشات 15-9-2026.xls,https://cairosales.com/ar/?controller=product&id_product=40679,
120062405,QA65LS03D,سامسونج شاشة 65 بوصة كيو إل إي دي ألترا إتش دي 4 كيه سمارت 3840*2160 بيكسل,QA65LS03D- سامسونج شاشة 65 بوصة كيو إل إي دي ألترا إتش دي 4 كيه سمارت 3840*2160 بيكسل,شاشات,1,شاشات 15-9-2026.xls,https://cairosales.com/ar/?controller=product&id_product=40818,
120062432,43Q7F,سامسونج شاشة 43 بوصة QLED Q7F Vision AI TV,43Q7F-سامسونج شاشة 43 بوصة QLED Q7F Vision AI TV,شاشات,1,شاشات 15-9-2026.xls,https://cairosales.com/ar/?controller=product&id_product=44469,
120062440,65QN80F,سامسونج شاشة سمارت 65 بوصة نيو كيو ال اي دي,65QN80F - سامسونج شاشة سمارت 65 بوصة نيو كيو ال اي دي,شاشات,1,شاشات 15-9-2026.xls,https://cairosales.com/ar/?controller=product&id_product=44461,
120062442,55QN70F,سامسونج شاشة 55 بوصة كيو إل إي دي ألترا إتش دي 4 كاي سمارت وايرلس بريسيفر داخلي,55QN70F - سامسونج شاشة 55 بوصة كيو إل إي دي ألترا إتش دي 4 كاي سمارت وايرلس بريسيفر داخلي,شاشات,1,شاشات 15-9-2026.xls,https://cairosales.com/ar/?controller=product&id_product=44860,
120062467,77S85F,سامسونج شاشة سمارت 77 بوصة فائق الدقة اوليد 4 كيه,77S85F - سامسونج شاشة سمارت 77 بوصة فائق الدقة اوليد 4 كيه,شاشات,1,شاشات 15-9-2026.xls,https://cairosales.com/ar/?controller=product&id_product=44452,
120062480,77S90F,سامسونج تلفزيون ذكي 77 بوصة OLED 4 كيه TV,77S90F-سامسونج تلفزيون ذكي 77 بوصة OLED 4 كيه TV,شاشات,1,شاشات 15-9-2026.xls,https://cairosales.com/ar/?controller=product&id_product=46047,
120062491,UA50U8000HUXEG,شاشة سامسونج 50 بوصه سمارت,UA50U8000HUXEG -شاشة سامسونج 50 بوصه سمارت,شاشات,1,شاشات 15-9-2026.xls,https://cairosales.com/ar/?controller=product&id_product=49323,
120062493,UA65M70HAUXEG,شاشة سامسونج 65 بوصه سمارت,UA65M70HAUXEG -شاشة سامسونج 65 بوصه سمارت,شاشات,1,شاشات 15-9-2026.xls,,
120062494,UA65U8000HUXEG,شاشة سامسونج 65 بوصه سمارت,UA65U8000HUXEG -شاشة سامسونج 65 بوصه سمارت,شاشات,1,شاشات 15-9-2026.xls,https://cairosales.com/ar/?controller=product&id_product=49325,
120062496,UA65M80H,شاشة تلفزيون سمارت سامسونج 65 بوصه بدقة 4K UHD,UA65M80H - شاشة تلفزيون سمارت سامسونج 65 بوصه بدقة 4K UHD,شاشات,1,شاشات 15-9-2026.xls,https://cairosales.com/ar/?controller=product&id_product=49705,
120062499,QA55S85HAEXEG,شاشة سامسونج سمارت 55 بوصة,QA55S85HAEXEG - شاشة سامسونج سمارت 55 بوصة,شاشات,1,شاشات 15-9-2026.xls,https://cairosales.com/ar/?controller=product&id_product=44454,
120062515,77S85H,سامسونج شاشة 77 بوصة Class OLED Ultra HD 4K سمارت,77S85H-سامسونج شاشة 77 بوصة Class OLED Ultra HD 4K سمارت,شاشات,1,شاشات 15-9-2026.xls,https://cairosales.com/ar/?controller=product&id_product=50083,
120062520,QA65LS03H,شاشه سامسونج 65 بوصه سمارت,QA65LS03H -شاشه سامسونج 65 بوصه سمارت,شاشات,1,شاشات 15-9-2026.xls,https://cairosales.com/ar/?controller=product&id_product=50955,
120062526,100M90H,سامسونج شاشة سمارت 100 بوصة,100M90H - سامسونج شاشة سمارت 100 بوصة,شاشات,1,شاشات 15-9-2026.xls,https://cairosales.com/ar/?controller=product&id_product=52004,
125016008,GT955HIX,م ) مع جليم جاز 5 شعطة استانلس,م ) مع جليم جاز 5 شعطة استانلس,موديلات جليم جاز /مسطح جليم جاز,1.00,inventory_full.pdf (OCR),,
125016010,GTEAHIXT,مسع جايم جاز 30سم 4 شطة غالر -,مسع جايم جاز 30سم 4 شطة غالر -,موديلات جليم جاز /مسطح جليم جاز,1.00,inventory_full.pdf (OCR),,
125016022,GT951HIX,ي( لر) جليم جاز 90سم عين رباعية,ي( لر) جليم جاز 90سم عين رباعية,موديلات جليم جاز /مسطح جليم جاز,1.00,inventory_full.pdf (OCR),,
125016047,GT32 1X,,,موديلات جليم جاز /مسطح جليم جاز,1.00,inventory_full.pdf (OCR),,
125017017,MOB63BRIO1AP-1,MOB63BRI01AP-1-بوتالجاز جليم جاز,MOB63BRI01AP-1-بوتالجاز جليم جاز,موديلات جليم جاز أبوتاجاز جليم جاز,1.00,inventory_full.pdf (OCR),,MOB63BRI01AP-1-
125017019,MO1B3BRI01AG,اجاز جليم جاز 163BRI01AC- 100*60•,اجاز جليم جاز 163BRI01AC- 100*60•,موديلات جليم جاز أبوتاجاز جليم جاز,1.00,inventory_full.pdf (OCR),,163BRI01AC-
125017021,,,,موديلات جليم جاز أبوتاجاز جليم جاز,2.00,inventory_full.pdf (OCR),,
125017030,AL9638RIO1AP-1,رتاجاز جليم جاز الفا حمالات ثقيلة-AL963BRI01AP-1,رتاجاز جليم جاز الفا حمالات ثقيلة-AL963BRI01AP-1,موديلات جليم جاز أبوتاجاز جليم جاز,1.00,inventory_full.pdf (OCR),,AL963BRI01AP-1
125017037,AL6611GI FS,,,موديلات جليم جاز أبوتاجاز جليم جاز,1.00,inventory_full.pdf (OCR),,
125017039,ST9612RIFS,9812RIFS - شلة 5 س 90-80 جاز ٠,9812RIFS - شلة 5 س 90-80 جاز ٠,موديلات جليم جاز أبوتاجاز جليم جاز,1.00,inventory_full.pdf (OCR),,9812RIFS
125018025,GFD9W 1IX|,فرن 90م غاز بمروحتين توزيع ااستنلس-GFD9W1IX,فرن 90م غاز بمروحتين توزيع ااستنلس-GFD9W1IX,موديلات جاليم جاز إقرن بلت ان جليم جاز,1.00,inventory_full.pdf (OCR),,GFD9W1IX
125018026,GFR9W1IX,جليم جاز فرن بلت ان غاز 90 سم - GFR9W1IX,جليم جاز فرن بلت ان غاز 90 سم - GFR9W1IX,موديلات جاليم جاز إقرن بلت ان جليم جاز,1.00,inventory_full.pdf (OCR),,
125018027,GFDW21IX,,,موديلات جاليم جاز إقرن بلت ان جليم جاز,1.00,inventory_full.pdf (OCR),,
125019003,GHC951X,شفاط جليم جاز 90 سم ستانلس 2 موتور(G),GHC951X- شفاط جليم جاز 90 سم ستانلس 2 موتور(G),شفاط,1,شفاط 15-9-2026.xls,,
125019008,GHP980IX,شفاط جليم جاز 90 سم هرمي,GHP980IX-شفاط جليم جاز 90 سم هرمي,شفاط,1,شفاط 15-9-2026.xls,https://cairosales.com/ar/?controller=product&id_product=17452,
127001004,MFNO9W 70B/S,سائة ميديا تعميل امام 7 كجم - MFNO9W70B/S,سائة ميديا تعميل امام 7 كجم - MFNO9W70B/S,موديلات ميديا/ غسالة ملايس مينيا,1.00,inventory_full.pdf (OCR),,MFNO9W70B/S
127001005,MFN09W80B/S,بيا غسالة تعميل امامي ، 8كجم-FNO9WBOB/S,بيا غسالة تعميل امامي ، 8كجم-FNO9WBOB/S,موديلات ميديا/ غسالة ملايس مينيا,1.00,inventory_full.pdf (OCR),,FNO9WBOB/S
127002003,MDWEF1433D(B) -,MDWEF1433D(B) - WI-EG - يديا غسالة اطباق,MDWEF1433D(B) - WI-EG - يديا غسالة اطباق,موديلات ميديا/غسالة اطباق ميديا,1.00,inventory_full.pdf (OCR),,MDWEF1433D
127002004,MDWEF1533GUR(BS)-,MDWEF1533GUR(BS)-WU-EG - ميديا غسالة,MDWEF1533GUR(BS)-WU-EG - ميديا غسالة,موديلات ميديا/غسالة اطباق ميديا,1.00,inventory_full.pdf (OCR),,MDWEF1533GUR
127002005,MDWPF1333C(S)-W.EG,MDWPF1333C(S)-W-EG - غسالة اطباق ميديا,MDWPF1333C(S)-W-EG - غسالة اطباق ميديا,موديلات ميديا/غسالة اطباق ميديا,1.00,inventory_full.pdf (OCR),,MDWPF1333C
127004002,MDRT723MTN46D,MDRT723MTN46D - لتر 535 باب 2 ثلاجة ميديا,MDRT723MTN46D - لتر 535 باب 2 ثلاجة ميديا,موديلات ميديا /ثلاجة ميديا,1.00,inventory_full.pdf (OCR),,
127004003,MDRT489MTN46,ثلاجة ميديا نوفروست 2 باب - MDAT489MTN46,ثلاجة ميديا نوفروست 2 باب - MDAT489MTN46,موديلات ميديا /ثلاجة ميديا,1.00,inventory_full.pdf (OCR),,MDAT489MTN46
127004004,MDRB424FGN46,ثلاجة ميديا نوفروست ديجيتال - MDRB424FGN46,ثلاجة ميديا نوفروست ديجيتال - MDRB424FGN46,موديلات ميديا /ثلاجة ميديا,,inventory_full.pdf (OCR),,
127004005,MDRT645MTEOGE,MDRT645MTEOSE - لتر برو سنيل 449 ميديا ثلاجة,MDRT645MTEOSE - لتر برو سنيل 449 ميديا ثلاجة,موديلات ميديا /ثلاجة ميديا,1.00,inventory_full.pdf (OCR),,MDRT645MTEOSE
127004009,MDRB905FIN46D,MDRB905FIN46D - لتر 680 باب 2 ثلاجة ميديا,MDRB905FIN46D - لتر 680 باب 2 ثلاجة ميديا,موديلات ميديا /ثلاجة ميديا,1.00,inventory_full.pdf (OCR),,
127004010,MDRUS2BFEN46|,بب مينيا عرف ونرج 92واتر - MDRU52BFEN46,بب مينيا عرف ونرج 92واتر - MDRU52BFEN46,موديلات ميديا /ثلاجة ميديا,1.00,inventory_full.pdf (OCR),,MDRU52BFEN46
127004014,MDRT5B0MTN45D,مينيا ثلاجة 411 لتر أسود رف - MDRT580MTN45D,مينيا ثلاجة 411 لتر أسود رف - MDRT580MTN45D,موديلات ميديا /ثلاجة ميديا,,inventory_full.pdf (OCR),,MDRT580MTN45D
128016003,PN9OGVFSLGX,190GVFSLGX- غاز (25) سم 90 ع تكتوجاز,190GVFSLGX- غاز (25) سم 90 ع تكتوجاز,موديلات تكتوجاز /مسطح تكتوجاز,,inventory_full.pdf (OCR),,190GVFSLGX-
128016004,PNEOGVF4FGX2,,,موديلات تكتوجاز /مسطح تكتوجاز,,inventory_full.pdf (OCR),,
128017005,PPaX96G5VC,,,موديلات تكتوجاز ليوتاجاز تكتوجاز,,inventory_full.pdf (OCR),,
128017012,N3X96G5VC,,,موديلات تكتوجاز ليوتاجاز تكتوجاز,,inventory_full.pdf (OCR),,
141001003,NA-127VB7,اتاسونيك غسائة ملابس فول أوتوماتيك VA-127VB7-7,اتاسونيك غسائة ملابس فول أوتوماتيك VA-127VB7-7,موديلات بتاسوتيك/ غسالة ملابس بتاسوتيك,,inventory_full.pdf (OCR),,VA-127VB7-7
141004001,NRBC752DSEG,ثلاجة بناسونيك 625 لتر فضى:NRBC752DSEG,ثلاجة بناسونيك 625 لتر فضى:NRBC752DSEG,موديلات بقاسوتيك لثلاجة باتاسونيك,,inventory_full.pdf (OCR),,
150001002,WTLA100OSL,,,موديلات واير ليبول/غسالة ملابس واير ليبول,,inventory_full.pdf (OCR),,
150001007,WTLA 850 WH,اوتوماتيك لون سيولاليول 10 كيلو فرق -.WTLA10005L,اوتوماتيك لون سيولاليول 10 كيلو فرق -.WTLA10005L,موديلات واير ليبول/غسالة ملابس واير ليبول,,inventory_full.pdf (OCR),,WTLA10005L
150001015,FWF 61052 SB,,,موديلات واير ليبول/غسالة ملابس واير ليبول,,inventory_full.pdf (OCR),,
150003008,UWB F2D XBI N,,,موديلات وايز ليبول إفريزر وأيرليبول,,inventory_full.pdf (OCR),,
150004007,SWB AM2 D XR,,,موديلات واير ليبول لثلاجة وايرليبول,,inventory_full.pdf (OCR),,
150016015,AKR 353 IX,,,موديلات وايز اليبول لمسطح وايز لبول,1.00,inventory_full.pdf (OCR),,
152075807,ZPJGNW001,كيتشن لاين مسطح شواية سيراميك ZP.JGNW001- 30,كيتشن لاين مسطح شواية سيراميك ZP.JGNW001- 30,موديلات كيتشن لايت/ مسطح كيتفن لايت,,inventory_full.pdf (OCR),,ZP.JGNW001-
153016016,ZP.JE4014,كباتشن لاين مسطح غاز 60 سم 4 شعله-ZP.JE4014,كباتشن لاين مسطح غاز 60 سم 4 شعله-ZP.JE4014,موديلات كيتشن لايت/ مسطح كيتفن لايت,1.00,inventory_full.pdf (OCR),,
153016019,ZP-J5022,طح كتشن لاين بلت ان 90 سم 4 عن غاز-P-J5022؟,طح كتشن لاين بلت ان 90 سم 4 عن غاز-P-J5022؟,موديلات كيتشن لايت/ مسطح كيتفن لايت,1.00,inventory_full.pdf (OCR),,P-J5022
153016023,ZP.VTNOAN,سطح سيراميك 60 سم 4 شطة فريم ZPVTNOAN,سطح سيراميك 60 سم 4 شطة فريم ZPVTNOAN,موديلات كيتشن لايت/ مسطح كيتفن لايت,1.00,inventory_full.pdf (OCR),,
153018009,FE6V11OTGN.OOHO.E,E6V11OTGN.OOHO.E-ن كيتشن لاين كريستال,E6V11OTGN.OOHO.E-ن كيتشن لاين كريستال,موديلات كيتشن لأين إقرت بلت ان كينشن لاين,1.00,inventory_full.pdf (OCR),,E6V11OTGN.OOHO.E-
153018010,FE6VOGSAAN-UDAB-E,FEEVO63AXN-UOAB-E-4 يتشن لاين فرن كهرباء,FEEVO63AXN-UOAB-E-4 يتشن لاين فرن كهرباء,موديلات كيتشن لأين إقرت بلت ان كينشن لاين,1.00,inventory_full.pdf (OCR),,FEEVO63AXN-UOAB-E-4
153018011,FE9VV092EXN-UOCA-E,E9VV092EXN-UOCA-E-تشن لاين فرن كهرباء,E9VV092EXN-UOCA-E-تشن لاين فرن كهرباء,موديلات كيتشن لأين إقرت بلت ان كينشن لاين,1.00,inventory_full.pdf (OCR),,E9VV092EXN-UOCA-E-
153018012,FE6VO6BAGD-DTFF.E,FEGVO63AGD-DTFF-E-4 كيتشن لاين فرن كهرباء,FEGVO63AGD-DTFF-E-4 كيتشن لاين فرن كهرباء,موديلات كيتشن لأين إقرت بلت ان كينشن لاين,1.00,inventory_full.pdf (OCR),,FEGVO63AGD-DTFF-E-4
153018013,FGE9VVOBAXN.UOCA.E,FGE9VVOBAXN.UOCA.E.سم غاز ش 90 فرن,FGE9VVOBAXN.UOCA.E.سم غاز ش 90 فرن,موديلات كيتشن لأين إقرت بلت ان كينشن لاين,1.00,inventory_full.pdf (OCR),,FGE9VVOBAXN.UOCA.E.
158017009,SL220,مسطح هوم 2 عين استانلس--SL220,مسطح هوم 2 عين استانلس--SL220,موديلات هوم/مسطح هوم,9.00,inventory_full.pdf (OCR),,
158017011,GK-690,مسطح كهرباء هرم (احمر /ابيض/اخضر) -GK-690,مسطح كهرباء هرم (احمر /ابيض/اخضر) -GK-690,موديلات هوم/مسطح هوم,1.00,inventory_full.pdf (OCR),,
158017012,GK-850,بوتاجاز كهرباء هوم-GK-850,بوتاجاز كهرباء هوم-GK-850,موديلات هوم/مسطح هوم,13.00,inventory_full.pdf (OCR),,
158017017,SL113,بوتجاز عين استانلس-SL113,بوتجاز عين استانلس-SL113,موديلات هوم/مسطح هوم,6.00,inventory_full.pdf (OCR),,
158017018,WK3007,ماكينه وافل-WK3007,ماكينه وافل-WK3007,موديلات هوم/مسطح هوم,,inventory_full.pdf (OCR),,
158017019,BK2116,سندوتش ميكر-BK2116,سندوتش ميكر-BK2116,موديلات هوم/مسطح هوم,2.00,inventory_full.pdf (OCR),,
158017020,BK2117,ستدوتش ميكر -BK2117,ستدوتش ميكر -BK2117,موديلات هوم/مسطح هوم,1.00,inventory_full.pdf (OCR),,
158017021,YN5240,بوتجاز 1 عين 500 وات من هوم، اسود-YN5240,بوتجاز 1 عين 500 وات من هوم، اسود-YN5240,موديلات هوم/مسطح هوم,13.00,inventory_full.pdf (OCR),,
158017022,YN5210,بوتجاز صغير-YN5210,بوتجاز صغير-YN5210,موديلات هوم/مسطح هوم,3.00,inventory_full.pdf (OCR),,
159016002,PFK64CX,إيجتيس مسطح بلت ان 60 سم 4 شعطة غاز-PFK64CX,إيجتيس مسطح بلت ان 60 سم 4 شعطة غاز-PFK64CX,موديلات ايجنس/مسطح بلت ان ايجنس,1.00,inventory_full.pdf (OCR),,
159016003,PFK95CX,يجنيس مسطح غاز 90 سم 5 شعلة حوامل-PFK95CX,يجنيس مسطح غاز 90 سم 5 شعلة حوامل-PFK95CX,موديلات ايجنس/مسطح بلت ان ايجنس,1.00,inventory_full.pdf (OCR),,
159016009,ZP-JN5020,كيتشن لاين مسطح غاز 90 سم 5 شطة-ZP-JN5020,كيتشن لاين مسطح غاز 90 سم 5 شطة-ZP-JN5020,موديلات كيتشن لايت/ مسطح كيتفن لايت,1.00,inventory_full.pdf (OCR),,
159018004,FGK60GGFX,إيجنيس فرن بلت ان 60 سم غاز FGK60GGFX- 65,إيجنيس فرن بلت ان 60 سم غاز FGK60GGFX- 65,موديلات ايجنس إفرن بلت ان ايجنس,1.00,inventory_full.pdf (OCR),,FGK60GGFX-
171001047,B3WFU501040BCI,,,موديلات بيكو /غسائة ملايعن بيكو,,inventory_full.pdf (OCR),,
171017031,9C10GLA1X4AWW,,,موديلات لاجير ماتهاليوتالجاز الأجيرمائيا,,inventory_full.pdf (OCR),,
171017038,6DEOGRB1XAAWW,تاجاز لاجيرمانيا قري سناند.SDB0GRB1X4AWW 4 شملة غاز لون استانلس ستبل مزود بقطأه 50 x60,تاجاز لاجيرمانيا قري سناند.SDB0GRB1X4AWW 4 شملة غاز لون استانلس ستبل مزود بقطأه 50 x60,موديلات لاجير ماتهاليوتالجاز الأجيرمائيا,,inventory_full.pdf (OCR),,SDB0GRB1X4AWW
171017040,9D10GUB1X4AWW,بوتاجار لأجبرمانيا فري سئاند-9D10GUB1X4AWW,بوتاجار لأجبرمانيا فري سئاند-9D10GUB1X4AWW,موديلات لاجير ماتهاليوتالجاز الأجيرمائيا,,inventory_full.pdf (OCR),,
171017041,9N1OGUB1X4AWW,بوتاجاز لاجيرماليا فري ستاند-9N1OGUB1X4AWW,بوتاجاز لاجيرماليا فري ستاند-9N1OGUB1X4AWW,موديلات لاجير ماتهاليوتالجاز الأجيرمائيا,,inventory_full.pdf (OCR),,
171017043,9M1OGRB1X4AWW,9M10GRB1X4AWW-سم 90 بوتاجاز مودرنا,9M10GRB1X4AWW-سم 90 بوتاجاز مودرنا,موديلات لاجير ماتهاليوتالجاز الأجيرمائيا,,inventory_full.pdf (OCR),,9M10GRB1X4AWW-
171017047,9G10G1A1X4AWW,310G1A1X4AWW - 60 x 90 اجاز لاجيرمانيا,310G1A1X4AWW - 60 x 90 اجاز لاجيرمانيا,موديلات لاجير ماتهاليوتالجاز الأجيرمائيا,,inventory_full.pdf (OCR),,310G1A1X4AWW
172016002,BH9OSGO1,مسطح غاز بيلت ان 5 شعلة حوامل - BH9OSG01,مسطح غاز بيلت ان 5 شعلة حوامل - BH9OSG01,موديلات سيمقر /مسطح سيمقر,,inventory_full.pdf (OCR),,BH9OSG01
172016008,9501WGRIM,ع بت ان 90 سم - هرمي - 1WGRIM,ع بت ان 90 سم - هرمي - 1WGRIM,موديلات سيمقر /مسطح سيمقر,,inventory_full.pdf (OCR),,1WGRIM
172019011,BH90DR01,سيمفر شفاط ديكوري 90 سم 800 متر مكعب / ساعة زجاج أسود,BH90DR01 - سيمفر شفاط ديكوري 90 سم 800 متر مكعب / ساعة زجاج أسود,شفاط,1,شفاط 15-9-2026.xls,https://cairosales.com/ar/?controller=product&id_product=49096,
172019012,S-8981SM,سيمفر شفاط بروفيشنال 90 سم 650 متر مكعب / ساعة تحكم,S-8981SM-سيمفر شفاط بروفيشنال 90 سم 650 متر مكعب / ساعة تحكم,شفاط,1,شفاط 15-9-2026.xls,https://cairosales.com/ar/?controller=product&id_product=45813,
177009027,BDFN36531GB,,,موديلات بيكو /غسالة اطباق بيكو,,inventory_full.pdf (OCR),,
178038167,GR 2511,هائد بلندر- GR 2511,هائد بلندر- GR 2511,موديلات مننوع /موديلات متنرع,10.00,inventory_full.pdf (OCR),,
185001003,HW150-BP14986ESB,غسلة ملابس هاير 15 ك-HW150-BP14986ES8,غسلة ملابس هاير 15 ك-HW150-BP14986ES8,موديلات هاير /غسالات ملابس هاير,1.00,inventory_full.pdf (OCR),,HW150-BP14986ES8
185001005,HW 100-B1497958,غسالة ملابس هاير 10.5 كيلو-HW 100-B1497958,غسالة ملابس هاير 10.5 كيلو-HW 100-B1497958,موديلات هاير /غسالات ملابس هاير,1.00,inventory_full.pdf (OCR),,100-B1497958
185001007,HW120-B1497958,غسالة ملابس هاير بموتور - HW120-B1497958,غسالة ملابس هاير بموتور - HW120-B1497958,موديلات هاير /غسالات ملابس هاير,1.00,inventory_full.pdf (OCR),,
185001012,HWM100-316S8,اير غسالة ملابس توب لودينج - HWM100-31658,اير غسالة ملابس توب لودينج - HWM100-31658,موديلات هاير /غسالات ملابس هاير,1.00,inventory_full.pdf (OCR),,HWM100-31658
185001021,HWD130-BD14LCU1,اير غسالة ملابس تحميل - 1WD130-BD14LCU1,اير غسالة ملابس تحميل - 1WD130-BD14LCU1,موديلات هاير /غسالات ملابس هاير,1.00,inventory_full.pdf (OCR),,1WD130-BD14LCU1
185001027,HW100-B143675BU1,غسله هاير تحميل امامي-HW100-B14367S8U1,غسله هاير تحميل امامي-HW100-B14367S8U1,موديلات هاير /غسالات ملابس هاير,1.00,inventory_full.pdf (OCR),,HW100-B14367S8U1
185001028,HW90-B1436758U1,هاير غسالة أوتوماتيك سعة HW90-B1436758U1 - 9,هاير غسالة أوتوماتيك سعة HW90-B1436758U1 - 9,موديلات هاير /غسالات ملابس هاير,1.00,inventory_full.pdf (OCR),,
185001029,AWTO-EDT4E97GNUT,AW 130-BD14697GNU1-ماير غسالة ملايس,AW 130-BD14697GNU1-ماير غسالة ملايس,موديلات هاير /غسالات ملابس هاير,1.00,inventory_full.pdf (OCR),,130-BD14697GNU1-
185001033,HWD130-BD143B7GNU,ابدن السالة لوتو ماته H1V0130- 32763605501,ابدن السالة لوتو ماته H1V0130- 32763605501,موديلات هاير /غسالات ملابس هاير,1.00,inventory_full.pdf (OCR),,32763605501
185003012,HF290EG,فريزر هاير 6 درج 226 لتر رمادى - HF290EG,فريزر هاير 6 درج 226 لتر رمادى - HF290EG,موديلات هايز /غصائة اطباق هايز,1.00,inventory_full.pdf (OCR),,
185004014,HRF-570SDBM,ثلاجة لوفروست هاير، الفرتر، HRF-570SDBM - 521,ثلاجة لوفروست هاير، الفرتر، HRF-570SDBM - 521,موديلات هاير الثلاجة هاير,1.00,inventory_full.pdf (OCR),,
185004015,HRF-380TMSM,ثلاجة هاير 380 لتر سيافر - HRF-380TMSM,ثلاجة هاير 380 لتر سيافر - HRF-380TMSM,موديلات هاير الثلاجة هاير,1.00,inventory_full.pdf (OCR),,
185004019,HRF-580TDBG,ماير ثلاجة 4 باب 580 التر ديجيتال - HRF-580TDBG,ماير ثلاجة 4 باب 580 التر ديجيتال - HRF-580TDBG,موديلات هاير الثلاجة هاير,1.00,inventory_full.pdf (OCR),,
185004021,HRF-672VCFMESEG,HRF-672VCFMESEG-473 هاير ثلاجة لوفروست,HRF-672VCFMESEG-473 هاير ثلاجة لوفروست,موديلات هاير الثلاجة هاير,1.00,inventory_full.pdf (OCR),,HRF-672VCFMESEG-473
185004022,HRF-825TDBG,هاير ثلاجة 4 باب 710 لتر ديجيتال: HRF.825TDBG,هاير ثلاجة 4 باب 710 لتر ديجيتال: HRF.825TDBG,موديلات هاير الثلاجة هاير,1.00,inventory_full.pdf (OCR),,HRF.825TDBG
185004024,HRF-630VMCGBEG,HRF-630VMCGBEG - 449 ثلاجة هاير توفروست,HRF-630VMCGBEG - 449 ثلاجة هاير توفروست,موديلات هاير الثلاجة هاير,1.00,inventory_full.pdf (OCR),,
185062033,H55S90EU,شاشة هاير 55 بوصة اوليد سمارت بدقة 4K UHD مع ريسيفر داخلي,H55S90EU - شاشة هاير 55 بوصة اوليد سمارت بدقة 4K UHD مع ريسيفر داخلي,شاشات,1,شاشات 15-9-2026.xls,https://cairosales.com/ar/?controller=product&id_product=40814,
185062039,H43K75FFX,هاير شاشة 43 بوصة ال اى دى FHD بريسيفر بيلت ان,H43K75FFX - هاير شاشة 43 بوصة ال اى دى FHD بريسيفر بيلت ان,شاشات,1,شاشات 15-9-2026.xls,,
185062045,H50S80GUX,شاشة تلفزيون سمارت بدون إطار هاير ، مقاس 50 بوصة ، QLED ، دقة 4K UHD ، بريسيفر داخلي,H50S80GUX-شاشة تلفزيون سمارت بدون إطار هاير ، مقاس 50 بوصة ، QLED ، دقة 4K UHD ، بريسيفر داخلي,شاشات,1,شاشات 15-9-2026.xls,https://cairosales.com/ar/?controller=product&id_product=50960,
185062046,65H6GUX,شاشة هاير تلفزيون ذكي بمقاس 65 بوصة ريسيفر مدمج، وتعمل بتقنية QLED ودقة 4K,65H6GUX - شاشة هاير  تلفزيون ذكي بمقاس 65 بوصة ريسيفر مدمج، وتعمل بتقنية QLED ودقة 4K,شاشات,1,شاشات 15-9-2026.xls,https://cairosales.com/ar/?controller=product&id_product=52192,
188001003,WD5S1045BB,هاي سينس غسالة ملابس اوتوماتيك - WD5S1045BB,هاي سينس غسالة ملابس اوتوماتيك - WD5S1045BB,موديلات هاى سيتس/ غصالة ملابس هاي سينس,1.00,inventory_full.pdf (OCR),,
188001005,WF3V9042BSEG,ايستس غسالة ملابس فول - NF3V9042BSEG,ايستس غسالة ملابس فول - NF3V9042BSEG,موديلات هاى سيتس/ غصالة ملابس هاي سينس,1.00,inventory_full.pdf (OCR),,NF3V9042BSEG
188004001,RT3N461NCCA,,,موديلات هاى سينس /ثلاجة هاى سيتس,1.00,inventory_full.pdf (OCR),,
188016001,HHUGOGASS01,,,موديلات هاى سينسلمسطح هاى سينس,1.00,inventory_full.pdf (OCR),,
188018002,HGO6O3BS,فرن هايستس بلت ان 60سم غاز امان - HGO603BS,فرن هايستس بلت ان 60سم غاز امان - HGO603BS,موديلات هاى سيتس /فرن بلت ان هاى سيتس,1.00,inventory_full.pdf (OCR),,HGO603BS
188019002,HHO90TASS,شفاط هايسنس بلت ان 90سم هرمي ستانلس,HHO90TASS - شفاط هايسنس بلت ان 90سم هرمي ستانلس,شفاط,1,شفاط 15-9-2026.xls,https://cairosales.com/ar/?controller=product&id_product=44061,
188062017,43A4K,هايسنس شاشة 43 بوصة FHD بدون فريم سمارت H-43A4K,43A4K-هايسنس شاشة 43 بوصة FHD بدون فريم سمارت H-43A4K,شاشات,1,شاشات 15-9-2026.xls,https://cairosales.com/ar/?controller=product&id_product=45973,
190016006,5CFI-95GLSTA,مسطح بلت ان زجاجى قاجور 5 ش -5CF1-95GLSTA,مسطح بلت ان زجاجى قاجور 5 ش -5CF1-95GLSTA,موديلات فاجور لمسطح بلت ان قاجور,1.00,inventory_full.pdf (OCR),,5CF1-95GLSTA
190016014,HG-B40RX,مسطح بلت ان قاجور 4 شعلة استاناس-HG-640RX,مسطح بلت ان قاجور 4 شعلة استاناس-HG-640RX,موديلات فاجور لمسطح بلت ان قاجور,,inventory_full.pdf (OCR),,HG-640RX
190018010,OE-350X,فرن بلت ان فاجور ذيجيتال 77 لتر -OE-350X,فرن بلت ان فاجور ذيجيتال 77 لتر -OE-350X,موديلات فاجور لمسطح بلت ان قاجور,,inventory_full.pdf (OCR),,
190019002,CFB-600AXA,شفاط بلت ان فاجور 60 سم ديكورى استانلس,CFB-600AXA-شفاط بلت ان فاجور 60 سم ديكورى استانلس,شفاط,1,شفاط 15-9-2026.xls,,
190019005,CFI-60AXA,شفاط بلت ان هرمى فاجور 60 سم قوة 650 م3/ساعة استانلس,CFI-60AXA- شفاط بلت ان هرمى فاجور 60 سم قوة 650 م3/ساعة استانلس,شفاط,1,شفاط 15-9-2026.xls,https://cairosales.com/ar/?controller=product&id_product=7941,
192001040,HW414AMBCR-EGY,,,موديلات هوقر /غصالة ملابس هوفر,,inventory_full.pdf (OCR),,
192001047,HWH-TLD14DBK,,,موديلات هوقر /غصالة ملابس هوفر,,inventory_full.pdf (OCR),,
192001050,H3DPS4756TMBBELA,H3DPS4756TMBBELA -غساله ملابس جوفر فول,H3DPS4756TMBBELA -غساله ملابس جوفر فول,موديلات هوقر /غصالة ملابس هوفر,,inventory_full.pdf (OCR),,
192016007,HGH64SDWCEX,HGHE4SDWCEX-شطة 4 سم 60 وفر مسطح غاز,HGHE4SDWCEX-شطة 4 سم 60 وفر مسطح غاز,موديلات هوقر /غصالة ملابس هوفر,,inventory_full.pdf (OCR),,HGHE4SDWCEX-
192016014,HGVE4SMTCGW,:VE4SMTCGW-سم 60 x 60 مسطح بلت ان -,:VE4SMTCGW-سم 60 x 60 مسطح بلت ان -,موديلات هوقر /غصالة ملابس هوفر,,inventory_full.pdf (OCR),,VE4SMTCGW-
192016019,HHWELCX,طح بلت إن هوفر 60 x 60 سم 4 شعلة-1HWGLCX-,طح بلت إن هوفر 60 x 60 سم 4 شعلة-1HWGLCX-,موديلات هوقر /غصالة ملابس هوفر,,inventory_full.pdf (OCR),,1HWGLCX-
192017001,HGG95LPGEEGY2,,,موديلات هوفر /بوتاجاز هوفر,,inventory_full.pdf (OCR),,
195016002,BR-J200SS,مسطح برافو 1 شعلة ستائاس ستيل فضى - BR-J200SS,مسطح برافو 1 شعلة ستائاس ستيل فضى - BR-J200SS,موديلات برافو لمسطح برافو,,inventory_full.pdf (OCR),,
195016004,BR2002GB-BR-T22,,,موديلات برافو لمسطح برافو,,inventory_full.pdf (OCR),,
197054011,HD9318/20,,,موديلات فيليبس/غلاية فيليبس,,inventory_full.pdf (OCR),,
198002000,KDWe.Ge04G,كلفيتور عسلة اطباق 6 اقراد KDWe-9604G - 7,كلفيتور عسلة اطباق 6 اقراد KDWe-9604G - 7,موديلات كلفينيتور/غسالة اطباق كلفيتنتور,,inventory_full.pdf (OCR),,KDWe-9604G
198002003,KDW14-J7617RD,,,موديلات كلفينيتور/غسالة اطباق كلفيتنتور,,inventory_full.pdf (OCR),,
198002004,KDW6-3604W,كلفنيتور غسالة أطباق 6 افراد KDW6-3604W - 7,كلفنيتور غسالة أطباق 6 افراد KDW6-3604W - 7,موديلات كلفينيتور/غسالة اطباق كلفيتنتور,,inventory_full.pdf (OCR),,
198002008,FSDA1O,فنيتور غسلة اطباق 10 اقراد 45 مم - ESDATO,فنيتور غسلة اطباق 10 اقراد 45 مم - ESDATO,موديلات كلفينيتور/غسالة اطباق كلفيتنتور,1.00,inventory_full.pdf (OCR),,
198004006,KTM4B3TSE.BK,الفدهتور اللاجة لوفروست 481 لتر فريزر سفقي لون امود,الفدهتور اللاجة لوفروست 481 لتر فريزر سفقي لون امود,موديلات كلفيتيتور اثلاجة كليفينتور,1.00,inventory_full.pdf (OCR),,
200001027,UW1OOTPL-A2MBK,,,موديلات كلفيتيتور اثلاجة كليفينتور,,inventory_full.pdf (OCR),,
200003037,UFN-230LBG1A-DH,يزر راسى بوليون اير كابيلة -FN-230LBG1A-DH,يزر راسى بوليون اير كابيلة -FN-230LBG1A-DH,موديلات بونيون تك إفريزر يونيون ك,1.00,inventory_full.pdf (OCR),,FN-230LBG1A-DH
200003063,UFN-355LBLBHA-DXSM,UFN-355LBLBHA-DXSMI-ديب فريزر راسي,UFN-355LBLBHA-DXSMI-ديب فريزر راسي,موديلات بونيون تك إفريزر يونيون ك,1.00,inventory_full.pdf (OCR),,UFN-355LBLBHA-DXSMI-
200003065,UFN-150LVLGHA-DTS,UFN-150LVLGHA-DTS - بوليون اير ديب فريزر,UFN-150LVLGHA-DTS - بوليون اير ديب فريزر,موديلات بونيون تك إفريزر يونيون ك,,inventory_full.pdf (OCR),,
200004107,,,,موديلات يونبون تك لثلاجة يوثيون ك,1.00,inventory_full.pdf (OCR),,
200004126,URN-800CEPBLG1A-DXHIRBXXLS,URN-800CEPBLG1A-DXHIRBXXLS - للاجة URN-B00CEPBLG1A-DX,URN-800CEPBLG1A-DXHIRBXXLS - للاجة URN-B00CEPBLG1A-DX,موديلات يونبون تك لثلاجة يوثيون ك,1.00,inventory_full.pdf (OCR),,URN-800CEPBLG1A-DXHIRBXXLS
200004153,URN-400DLBG1A-DTHS,URN-400DLBG1A-DTHS - ثلاجة يونيون أير,URN-400DLBG1A-DTHS - ثلاجة يونيون أير,موديلات يونبون تك لثلاجة يوثيون ك,1.00,inventory_full.pdf (OCR),,
200004162,,,,موديلات يونبون تك لثلاجة يوثيون ك,1.00,inventory_full.pdf (OCR),,
200004163,URN-500DLVLSA-DXSR,URN-500DLVLSA-DXSRBM-ثلاجة يونيون ابر,URN-500DLVLSA-DXSRBM-ثلاجة يونيون ابر,موديلات يونبون تك لثلاجة يوثيون ك,1.00,inventory_full.pdf (OCR),,URN-500DLVLSA-DXSRBM-
200004166,URN-600LVLSA-DTSR,URN-60OLVLSA-DTSR - ثلاجة يوتيون اير سعه,URN-60OLVLSA-DTSR - ثلاجة يوتيون اير سعه,موديلات يونبون تك لثلاجة يوثيون ك,1.00,inventory_full.pdf (OCR),,URN-60OLVLSA-DTSR
200004184,URN-420LBLBA-DTSR,URN-420LBLBA-DTSR: للاجة يوتيون اير,URN-420LBLBA-DTSR: للاجة يوتيون اير,موديلات يونبون تك لثلاجة يوثيون ك,1.00,inventory_full.pdf (OCR),,
200004194,RD-380VGVA-DHGHUS,RD-380VGVA-DHGHUSTO - ثلاجة يونيون اير,RD-380VGVA-DHGHUSTO - ثلاجة يونيون اير,موديلات يونبون تك لثلاجة يوثيون ك,1.00,inventory_full.pdf (OCR),,RD-380VGVA-DHGHUSTO
200004196,,,,موديلات يونبون تك لثلاجة يوثيون ك,,inventory_full.pdf (OCR),,
200017176,C69SS-GC-511-ICS2F-IS-2W-AL,C69SS-GC-511-ICS2F-IS-2W-AL - بوتاجار C69SS-GG-511-ICS2F.I,C69SS-GC-511-ICS2F-IS-2W-AL - بوتاجار C69SS-GG-511-ICS2F.I,موديلات يونبون تك لثلاجة يوثيون ك,,inventory_full.pdf (OCR),,C69SS-GC-511-ICS2F-IS-2W-AL
200017195,CE9SS.GC-447-IFDSO-2,C69SS-GG-447-IFDSO-2W-M14-AL - بوتاجاز,C69SS-GG-447-IFDSO-2W-M14-AL - بوتاجاز,موديلات يونبون تك لثلاجة يوثيون ك,,inventory_full.pdf (OCR),,C69SS-GG-447-IFDSO-2W-M14-AL
200017197,C69GB1-1GC-383-ICPS,,,موديلات يونبون تك لثلاجة يوثيون ك,,inventory_full.pdf (OCR),,
200017198,|C69SS.GC-383-ICPSF.1,,,موديلات يونبون تك لثلاجة يوثيون ك,,inventory_full.pdf (OCR),,
200017201,0495-00-382,مم-0495-00-382٠٢٣,مم-0495-00-382٠٢٣,موديلات يونبون تك لثلاجة يوثيون ك,,inventory_full.pdf (OCR),,0495-00-382
200017203,C69SS.PC-511-ICPS2F.,C69SS-PC-511-ICPS2F-|S-2W-AL - بوتاجاز,C69SS-PC-511-ICPS2F-|S-2W-AL - بوتاجاز,موديلات يونبون تك لثلاجة يوثيون ك,,inventory_full.pdf (OCR),,C69SS-PC-511-ICPS2F-
200017215,C55SSB-AP-426-S0-A-,C55SSB-AP-4--ATEEL -بوتاجار بون,C55SSB-AP-4--ATEEL -بوتاجار بون,موديلات يونبون تك لثلاجة يوثيون ك,,inventory_full.pdf (OCR),,C55SSB-AP-4--ATEEL
200017220,C69SS-GG-447-FDSO-M13-AL,C69SS-GG-447-FDSO-M13-AL - برتاجار C69SS-GC-447-FDSO-M,C69SS-GG-447-FDSO-M13-AL - برتاجار C69SS-GC-447-FDSO-M,موديلات يونبون تك لثلاجة يوثيون ك,1.00,inventory_full.pdf (OCR),,C69SS-GG-447-FDSO-M13-AL
200017223,C69SB-1GC-511-IFTS-2W-TP-AL,C69SB-1GC-511-IFTS-2W-TP-AL• بوتاجاز C69SB-1GC-511-IFTS-2,C69SB-1GC-511-IFTS-2W-TP-AL• بوتاجاز C69SB-1GC-511-IFTS-2,موديلات يونبون تك لثلاجة يوثيون ك,1.00,inventory_full.pdf (OCR),,C69SB-1GC-511-IFTS-2W-TP-AL
200017234,C69Ss.PC-447-2FID1S-,C69SS-PC-447-2FID1S-C-AL - وتاجاز بوتيون,C69SS-PC-447-2FID1S-C-AL - وتاجاز بوتيون,موديلات يونبون تك لثلاجة يوثيون ك,,inventory_full.pdf (OCR),,C69SS-PC-447-2FID1S-C-AL
200017235,C6gSs-DC-443-SOF.A,C69SS-DC-443-SOF-A-GU-AL - بوتاجاز بوليون,C69SS-DC-443-SOF-A-GU-AL - بوتاجاز بوليون,موديلات يونبون تك لثلاجة يوثيون ك,1.00,inventory_full.pdf (OCR),,C69SS-DC-443-SOF-A-GU-AL
200017238,C69SS-DC-443-IFS-A-H,,,موديلات يونبون تك لثلاجة يوثيون ك,1.00,inventory_full.pdf (OCR),,
200017240,,,,موديلات يونبون تك لثلاجة يوثيون ك,1.00,inventory_full.pdf (OCR),,
200017241,C69SS-GC-447-IDFSO-,C69SS-GC-447-IDFSO.PL-AL - بوتاجاز بوتيون,C69SS-GC-447-IDFSO.PL-AL - بوتاجاز بوتيون,موديلات يونبون تك لثلاجة يوثيون ك,1.00,inventory_full.pdf (OCR),,C69SS-GC-447-IDFSO.PL-AL
200017242,C69GB-1GC-383-IFCS-,C69GB-1GC-383-IFCS-DV - بوتاجاز يونيون اير,C69GB-1GC-383-IFCS-DV - بوتاجاز يونيون اير,موديلات يونبون تك لثلاجة يوثيون ك,1.00,inventory_full.pdf (OCR),,C69GB-1GC-383-IFCS-DV
200017243,C69SS-GC-447-IDSF-TS-A-AL-,C69SS-GC-447-IDSF-TS-A-AL-بوتجار بونيون C69SS.GC-447-IDSFITS,C69SS-GC-447-IDSF-TS-A-AL-بوتجار بونيون C69SS.GC-447-IDSFITS,موديلات يونبون تك لثلاجة يوثيون ك,1.00,inventory_full.pdf (OCR),,C69SS-GC-447-IDSF-TS-A-AL-
200017244,,,,موديلات يونبون تك لثلاجة يوثيون ك,1.00,inventory_full.pdf (OCR),,
200017245,,,,موديلات يونبون تك لثلاجة يوثيون ك,1.00,inventory_full.pdf (OCR),,
200018003,,يوليون اير فرن بلت,يوليون اير فرن بلت,موديلات يونيون لك يفرن بلت ان يوتيون اير,1.00,inventory_full.pdf (OCR),,
200040004,GY-6085,مضرب بيض بالعجان-GY-608S,مضرب بيض بالعجان-GY-608S,موديلات يونيون تك/عجائة يونيون,1.00,inventory_full.pdf (OCR),,GY-608S
200062040,M43UW680,شاشة ال اى دى يونيون اير 43 بوصة سمارت,M43UW680 - شاشة ال اى دى يونيون اير 43 بوصة سمارت,شاشات,1,شاشات 15-9-2026.xls,https://cairosales.com/ar/?controller=product&id_product=25856,
200062045,M43UX700,شاشة ال اى دى يونيون اير 43 بوصة سمارت,M43UX700 - شاشة ال اى دى يونيون اير 43 بوصة سمارت,شاشات,1,شاشات 15-9-2026.xls,https://cairosales.com/ar/?controller=product&id_product=45199,
211001001,XWA 71051 W EU,غسالة اندسيت 7 كيلر 1000 لفة-XWA 71051 W EU,غسالة اندسيت 7 كيلر 1000 لفة-XWA 71051 W EU,موديلات الدست/ غساله ملابس الدست,1.00,inventory_full.pdf (OCR),,71051
211001005,XWE 81283X S EU,غسالة ملابس انديست 8 كيلر -XWE 81283X S EU,غسالة ملابس انديست 8 كيلر -XWE 81283X S EU,موديلات الدست/ غساله ملابس الدست,1.00,inventory_full.pdf (OCR),,81283X
211002008,DFG2B1BACX,,,موديلات الدست إغصسالة اطباق اتدست,,inventory_full.pdf (OCR),,
211002009,DFE 1B 19 S,قسالة اطباق الدست-DFE 1B 19 S,قسالة اطباق الدست-DFE 1B 19 S,موديلات الدست إغصسالة اطباق اتدست,,inventory_full.pdf (OCR),,
211016008,THP 642 1X/1,مسطح بلت ان اندسيت 60 سم-THP 642 IX/١,مسطح بلت ان اندسيت 60 سم-THP 642 IX/١,موديلات اتدست لديب فريزراتديست,1.00,inventory_full.pdf (OCR),,
211016011,IN 9522 lX,,,موديلات اتدست لديب فريزراتديست,1.00,inventory_full.pdf (OCR),,
211017001,INR9 GGF 21115 XNA,,,موديلات اندست ليوتاجاز اندست,1.00,inventory_full.pdf (OCR),,
211018003,IFW 5530 IX,فرن الدسيت 60 سم كهرباء بشراية-IFW 5530 IX,فرن الدسيت 60 سم كهرباء بشراية-IFW 5530 IX,موديلات الدست لقرن بلت ان الديسة,1.00,inventory_full.pdf (OCR),,
211018006,GESM53G3,فرن بلت ان الدست غاز 90 سم -GESM53G3,فرن بلت ان الدست غاز 90 سم -GESM53G3,موديلات الدست لقرن بلت ان الديسة,1.00,inventory_full.pdf (OCR),,
211019003,IHPC 9.4 AM X,شفاط اندست هرمى 90 420 م/ثانية استانلس,IHPC 9.4 LM X- شفاط اندست هرمى 90 420 م/ثانية استانلس,شفاط,1,شفاط 15-9-2026.xls,,
211019004,ISLK-96-LS-X,شفاط مطبخ انديست بدون مدخنة بقوة شفط 208م3/س 90 سم,ISLK-96-LS-X- شفاط مطبخ انديست بدون مدخنة بقوة شفط 208م3/س 90 سم,شفاط,1,شفاط 15-9-2026.xls,https://cairosales.com/ar/?controller=product&id_product=33007,
211019008,IHPC 6.4 AM X,أنديست شفاط هرمي 60 سم بالمدخنة 416 م3/ثانية استانليس,IHPC 6.4 AM X-أنديست شفاط هرمي 60 سم بالمدخنة 416 م3/ثانية استانليس,شفاط,1,شفاط 15-9-2026.xls,,
227001049,WPW9121TSSWVSG,WPW9121TSSWVSG - غسالة ملابس وايت بوينت,WPW9121TSSWVSG - غسالة ملابس وايت بوينت,موديلات وايت يويتت/ غسالة وايت بوينت,,inventory_full.pdf (OCR),,
227001051,WPTL9DBTEA,غسالة ملابس وايت بويلت فوق - WPTL9DBTEA,غسالة ملابس وايت بويلت فوق - WPTL9DBTEA,موديلات وايت يويتت/ غسالة وايت بوينت,,inventory_full.pdf (OCR),,
227001057,WPW10141TSSWVDXG,,,موديلات وايت يويتت/ غسالة وايت بوينت,,inventory_full.pdf (OCR),,
227001060,WPW1114WFTSWVS,غسالة فول أوتوماتيك وايت-WPW1114WFTSWVS,غسالة فول أوتوماتيك وايت-WPW1114WFTSWVS,موديلات وايت يويتت/ غسالة وايت بوينت,,inventory_full.pdf (OCR),,
227001064,WPTL10DGBAL,,,موديلات وايت يويتت/ غسالة وايت بوينت,,inventory_full.pdf (OCR),,
227001066,WPTL15DGRGBMA,,,موديلات وايت يويتت/ غسالة وايت بوينت,,inventory_full.pdf (OCR),,
227002007,WPD105DS,,,موديلات وايت بوينت/غسالة اطباق وايت بوينت,,inventory_full.pdf (OCR),,
227002013,WPD148HDB,,,موديلات وايت بوينت/غسالة اطباق وايت بوينت,1.00,inventory_full.pdf (OCR),,
227002017,WPD159HTSFDVGE,WPD159HTSFDVGB - غسلة اطباق وايت بويتت,WPD159HTSFDVGB - غسلة اطباق وايت بويتت,موديلات وايت بوينت/غسالة اطباق وايت بوينت,,inventory_full.pdf (OCR),,WPD159HTSFDVGB
227003008,WPVF371E,وايت بويتت ديب فريزر نوفروست 7 درج-WPVF3718,وايت بويتت ديب فريزر نوفروست 7 درج-WPVF3718,موديلات وايت بوينت/غسالة اطباق وايت بوينت,,inventory_full.pdf (OCR),,WPVF3718
227003012,WPVF2411X,,,موديلات وايت بوينت/غسالة اطباق وايت بوينت,,inventory_full.pdf (OCR),,
227004016,WPR543DGVB,ثلاجه وايت بويلت نوفروست WPR543DGVB - 525,ثلاجه وايت بويلت نوفروست WPR543DGVB - 525,موديلات وايت بوينت لثلاجة وايت بوينت,1.00,inventory_full.pdf (OCR),,
227004017,WPRE43DWDVX,ثلاجه وايت بوينت نوفروست - WPR643DWDVX,ثلاجه وايت بوينت نوفروست - WPR643DWDVX,موديلات وايت بوينت لثلاجة وايت بوينت,1.00,inventory_full.pdf (OCR),,WPR643DWDVX
227004021,WPRC462DX,لاجه وايت بوينت بفريزر سقلى - WPRC462DX,لاجه وايت بوينت بفريزر سقلى - WPRC462DX,موديلات وايت بوينت لثلاجة وايت بوينت,1.00,inventory_full.pdf (OCR),,
227004022,WPRC492TSGVB,ثلاجه وايت بوينت بفريزر سفلى - WPRC492TSGVB,ثلاجه وايت بوينت بفريزر سفلى - WPRC492TSGVB,موديلات وايت بوينت لثلاجة وايت بوينت,1.00,inventory_full.pdf (OCR),,
227017007,WPGC9O6OXFSAM,WPGC9060XFSAM-شعلة 5 ايت بويلت بوتجاز,WPGC9060XFSAM-شعلة 5 ايت بويلت بوتجاز,موديلات وايت بويتت /يوتاجاز وايت بوينت,1.00,inventory_full.pdf (OCR),,WPGC9060XFSAM-
227017019,WPGC9060GBTA,بوتاجاز وايت برينت 5 شعلة - WPGC9060GBTA,بوتاجاز وايت برينت 5 شعلة - WPGC9060GBTA,موديلات وايت بويتت /يوتاجاز وايت بوينت,1.00,inventory_full.pdf (OCR),,
227017026,WPGCB06OXHSAN,بوتاجاز وايت بويلت 5 شعلة - WPGC8060XHSAN,بوتاجاز وايت بويلت 5 شعلة - WPGC8060XHSAN,موديلات وايت بويتت /يوتاجاز وايت بوينت,1.00,inventory_full.pdf (OCR),,WPGC8060XHSAN
227017038,,رايت بويتت بوتاجاز,رايت بويتت بوتاجاز,موديلات وايت بويتت /يوتاجاز وايت بوينت,1.00,inventory_full.pdf (OCR),,
230001028,WGB2440XEG,بوش غسالة فول اتوماتيك 9 كيلر-WGB2440XEG,بوش غسالة فول اتوماتيك 9 كيلر-WGB2440XEG,موديلات بوش/ غسالة ملابس بوش,2.00,inventory_full.pdf (OCR),,
230001029,WGK254ZREG,غسالة ملابس فول اتوماتيك بوش، WGK254ZREG-10,غسالة ملابس فول اتوماتيك بوش، WGK254ZREG-10,موديلات بوش/ غسالة ملابس بوش,1.00,inventory_full.pdf (OCR),,WGK254ZREG-10
230001030,WGA244Z1EG,بالة ملايس، تحميل أمامى بالحجم-WGA24421EG,بالة ملايس، تحميل أمامى بالحجم-WGA24421EG,موديلات بوش/ غسالة ملابس بوش,1.00,inventory_full.pdf (OCR),,WGA24421EG
230001031,WGK254ZXEG,غسلة 6، تحميل أمامي، سعة 10 كجم-WGK254ZXEG,غسلة 6، تحميل أمامي، سعة 10 كجم-WGK254ZXEG,موديلات بوش/ غسالة ملابس بوش,2.00,inventory_full.pdf (OCR),,
230002007,SMI50D05TR,غسالة اطباق بوش بلت ان 12 قرد -SMI50D05TR,غسالة اطباق بوش بلت ان 12 قرد -SMI50D05TR,موديلات بوش/غسالة اطباق بوش,1.00,inventory_full.pdf (OCR),,
230002031,SMS25AB0OV,غسالة اطباق يوش 60 سم اسود - SMS25AB0OV,غسالة اطباق يوش 60 سم اسود - SMS25AB0OV,موديلات بوش/غسالة اطباق بوش,1.00,inventory_full.pdf (OCR),,
230002035,SMS4EMI60V,بوش غسالة اطباق 60 سم 13 فرد - SMS4EMI60V,بوش غسالة اطباق 60 سم 13 فرد - SMS4EMI60V,موديلات بوش/غسالة اطباق بوش,1.00,inventory_full.pdf (OCR),,
230002040,SMS46NB20V,,,موديلات بوش/غسالة اطباق بوش,1.00,inventory_full.pdf (OCR),,
230002041,SMS26AIOOV,,,موديلات بوش/غسالة اطباق بوش,1.00,inventory_full.pdf (OCR),,
230002042,SMSGEMI62V,بوش غسالة أطباق 14 فرد 60 سم - SMS6EMI62V,بوش غسالة أطباق 14 فرد 60 سم - SMS6EMI62V,موديلات بوش/غسالة اطباق بوش,1.00,inventory_full.pdf (OCR),,SMS6EMI62V
230002044,SMSEECIesTT,سرة اطباق بوش سيريس 606 س - SMSGECI83T,سرة اطباق بوش سيريس 606 س - SMSGECI83T,موديلات بوش/غسالة اطباق بوش,,inventory_full.pdf (OCR),,SMSGECI83T
230002045,SMPBEMCOOV,إيلوكس أسود 60 cm,إيلوكس أسود 60 cm,موديلات بوش/غسالة اطباق بوش,,inventory_full.pdf (OCR),,
230004035,KDN55NL2E8,بوش ثلاجة لو فروست لون ايلوكس-KDN55NL2E8,بوش ثلاجة لو فروست لون ايلوكس-KDN55NL2E8,موديلات بوش لثلاجة بوش,,inventory_full.pdf (OCR),,
230004040,KDNBSAI3E9,ثلاجة بوش 687 لتر استاناس -KDN86AI3E9,ثلاجة بوش 687 لتر استاناس -KDN86AI3E9,موديلات بوش لثلاجة بوش,,inventory_full.pdf (OCR),,KDN86AI3E9
230004043,KGNBSCI3E8,لاجة 682 لتر كومبي نوفروست - GN86CI3EB>,لاجة 682 لتر كومبي نوفروست - GN86CI3EB>,موديلات بوش لثلاجة بوش,,inventory_full.pdf (OCR),,GN86CI3EB
230004044,KGN56LB3E9,بوش ثلاجة 505 لتر كومبي تر - KGN5GLB3E9,بوش ثلاجة 505 لتر كومبي تر - KGN5GLB3E9,موديلات بوش لثلاجة بوش,,inventory_full.pdf (OCR),,KGN5GLB3E9
230004045,KGN7ECISEB,ثلاجة بوش 578 لتر نوفروست فريزر - KGN76CI3E8,ثلاجة بوش 578 لتر نوفروست فريزر - KGN76CI3E8,موديلات بوش لثلاجة بوش,,inventory_full.pdf (OCR),,KGN76CI3E8
230004050,KGN56CX30U,للاجة كومبي نوفروست 559 لتر-KGN56CX30U,للاجة كومبي نوفروست 559 لتر-KGN56CX30U,موديلات بوش لثلاجة بوش,,inventory_full.pdf (OCR),,
230004052,KGN39NLEEB,بوش ثلاجة 330 لتر كومبي لو - KGN39NLEE8,بوش ثلاجة 330 لتر كومبي لو - KGN39NLEE8,موديلات بوش لثلاجة بوش,,inventory_full.pdf (OCR),,KGN39NLEE8
230004056,KGN55CIEEB,بلاجة يوش 483 لتر نوفروست 2 باب - KGN55CIEE8,بلاجة يوش 483 لتر نوفروست 2 باب - KGN55CIEE8,موديلات بوش لثلاجة بوش,,inventory_full.pdf (OCR),,KGN55CIEE8
230016006,PCP6A5B90M,سطح بوش غاز بلت ان 60سم 4 شعلة-PCP5A5B9OM,سطح بوش غاز بلت ان 60سم 4 شعلة-PCP5A5B9OM,موديلات بوش /مسطح يوش,1.00,inventory_full.pdf (OCR),,PCP5A5B9OM
230016018,PPQ7A6B20,,,موديلات بوش /مسطح يوش,1.00,inventory_full.pdf (OCR),,
230016023,PKNB11FP1E,وش مسطح كيرباء بلت إن 80 سم-PKNB11FP1E,وش مسطح كيرباء بلت إن 80 سم-PKNB11FP1E,موديلات بوش /مسطح يوش,1.00,inventory_full.pdf (OCR),,
230016024,PGPSB5B60Q,مسطح بوش 4 شعلة استانلس -PGP6B5B600,مسطح بوش 4 شعلة استانلس -PGP6B5B600,موديلات بوش /مسطح يوش,1.00,inventory_full.pdf (OCR),,PGP6B5B600
230016026,PCP6A6B90,بوش مسطح غاز بلت إن 4 شعلة 60 سم-PCP5A6B90,بوش مسطح غاز بلت إن 4 شعلة 60 سم-PCP5A6B90,موديلات بوش /مسطح يوش,1.00,inventory_full.pdf (OCR),,PCP5A6B90
230016027,PKF645CA2E,مسطح بلت ان بوش 60 سم سيرى -PKF645CA2E,مسطح بلت ان بوش 60 سم سيرى -PKF645CA2E,موديلات بوش /مسطح يوش,1.00,inventory_full.pdf (OCR),,
230016033,PCQ7A5B90,,,موديلات بوش /مسطح يوش,1.00,inventory_full.pdf (OCR),,
230016034,PPM9A6I40,بوش مسطح بلت ان 5 شعلة غاز 90 سم-PPM9A6140,بوش مسطح بلت ان 5 شعلة غاز 90 سم-PPM9A6140,موديلات بوش /مسطح يوش,1.00,inventory_full.pdf (OCR),,PPM9A6140
230016035,PCR9A5190,سطح بلت ان 90 سم بوش اسياتي-PCR9A5190,سطح بلت ان 90 سم بوش اسياتي-PCR9A5190,موديلات بوش /مسطح يوش,1.00,inventory_full.pdf (OCR),,
230017012,HGP3I8W5OS,بوتاجاز بوش 5 شعلات 90 سم - HGP3I8W50S,بوتاجاز بوش 5 شعلات 90 سم - HGP3I8W50S,موديلات بوش لبوتاجاز بوش,1.00,inventory_full.pdf (OCR),,HGP3I8W50S
230017015,HGV1FBY50S,ابوتاجاز بوش سلسلة 5 ،2 شعلات - HGV1F8Y5OS,ابوتاجاز بوش سلسلة 5 ،2 شعلات - HGV1F8Y5OS,موديلات بوش لبوتاجاز بوش,1.00,inventory_full.pdf (OCR),,HGV1F8Y5OS
230017016,HJYGGXV60Q,بوتاجاز بوش سيريس 5 8 شعلة HJYGGXV600-90,بوتاجاز بوش سيريس 5 8 شعلة HJYGGXV600-90,موديلات بوش لبوتاجاز بوش,1.00,inventory_full.pdf (OCR),,HJYGGXV600-90
230018002,HGL10E150,رن بلت ان بوش 60 سم بلت ان غاز-1GL10E150-,رن بلت ان بوش 60 سم بلت ان غاز-1GL10E150-,موديلات بوش لفرن بلت بوش,1.00,inventory_full.pdf (OCR),,1GL10E150-
230018017,HBG635BS1,,,موديلات بوش لفرن بلت بوش,,inventory_full.pdf (OCR),,
230018019,VGDOTTBROM®,,,موديلات بوش لفرن بلت بوش,1.00,inventory_full.pdf (OCR),,
230018020,VBD554FSO,بوش فرن 90 سم بلت ان كهرباء بالشواية-VBD554FS0,بوش فرن 90 سم بلت ان كهرباء بالشواية-VBD554FS0,موديلات بوش لفرن بلت بوش,1.00,inventory_full.pdf (OCR),,VBD554FS0
230018021,HGL21F350,فرن بلت ان بوش -HGL21F350,فرن بلت ان بوش -HGL21F350,موديلات بوش لفرن بلت بوش,1.00,inventory_full.pdf (OCR),,
230018029,HBFO11BA1T,,,موديلات بوش لفرن بلت بوش,1.00,inventory_full.pdf (OCR),,
230018031,HUA736ERO,,,موديلات بوش لفرن بلت بوش,1.00,inventory_full.pdf (OCR),,
230019005,DWP94CC50T,شفاط هرمى بوش 90 سم استانلس,DWP94CC50T-شفاط هرمى  بوش 90 سم استانلس,شفاط,1,شفاط 15-9-2026.xls,https://cairosales.com/ar/?controller=product&id_product=8546,
230019006,DWP64CC60Z,بوش شفاط مطبخ 60 سم ثلاث سرعات بقوة 380 متر مكعب/ ساعة أسود,DWP64CC60Z- بوش شفاط مطبخ 60 سم ثلاث سرعات بقوة 380 متر مكعب/ ساعة أسود,شفاط,1,شفاط 15-9-2026.xls,https://cairosales.com/ar/?controller=product&id_product=8544,
230019012,DWK065G60,بوش شفاط مطبخ 60 سم ثلاث سرعات بقوة 539 متر مكعب/ ساعة زجاج شفاف أسود,DWK065G60-بوش شفاط مطبخ 60 سم ثلاث سرعات بقوة 539 متر مكعب/ ساعة زجاج شفاف أسود,شفاط,1,شفاط 15-9-2026.xls,,
230019021,DWB64BC52,بوش شفاط مطبخ 60 سم ثلاث سرعات بقوة 365 متر مكعب/ ساعة ستانلس ستيل,DWB64BC52-بوش شفاط مطبخ 60 سم ثلاث سرعات بقوة 365 متر مكعب/ ساعة ستانلس ستيل,شفاط,1,شفاط 15-9-2026.xls,,
230019025,DWK97PJ60T,بوش شفاط مطبخ 90 سم بقوة 700 متر مكعب/ ساعة تحكم باللمس سرعتان زجاج أسود,DWK97PJ60T - بوش شفاط مطبخ 90 سم بقوة 700 متر مكعب/ ساعة تحكم باللمس سرعتان زجاج أسود,شفاط,1,شفاط 15-9-2026.xls,https://cairosales.com/ar/?controller=product&id_product=44564,
236019007,K802/90/2SLD,شفاط تربوا اير 90 سم 2 مفتاح ايطالى,K802/90/2SLD- شفاط تربوا اير 90 سم 2 مفتاح ايطالى,شفاط,1,شفاط 15-9-2026.xls,https://cairosales.com/ar/?controller=product&id_product=5769,
236019030,MORAN LUX90,شفاط موران لوكس 90 سم,MORAN LUX90-شفاط موران لوكس 90 سم,شفاط,1,شفاط 15-9-2026.xls,https://cairosales.com/ar/?controller=product&id_product=39825,
247003001,FN 28262 EDT/CS,,,موديلات ميلا/فريزر ميلا,1.00,inventory_full.pdf (OCR),,
247018002,H 7262 BP,ميلا فرن بيلت ان كهرباء-H 7262 BP,ميلا فرن بيلت ان كهرباء-H 7262 BP,موديلات ميلالفرن بلت ان ميلا,1.00,inventory_full.pdf (OCR),,
248001001,3409-FWS1O00NA,غسالة ملايس فريش حوض واحد-3409-FWS1000NA,غسالة ملايس فريش حوض واحد-3409-FWS1000NA,موديلات قريش/غسالة ملابس فريش,1.00,inventory_full.pdf (OCR),,3409-FWS1000NA
248001031,12870,غسلة فريش 9 ك فضى-12870 غسالة فريش 9 ك فضى معلى-12870,غسلة فريش 9 ك فضى-12870 غسالة فريش 9 ك فضى معلى-12870,موديلات قريش/غسالة ملابس فريش,1.00,inventory_full.pdf (OCR),,12870
248001045,FL-16430,فريش غسالة ملابس تحميل امامى 9 ك - FL-16430,فريش غسالة ملابس تحميل امامى 9 ك - FL-16430,موديلات قريش/غسالة ملابس فريش,1.00,inventory_full.pdf (OCR),,FL-16430
248001047,16432-WBDD1255G1-BL,غسالة ملابس فريش 16432-W8DD1255G1-BL- 8,غسالة ملابس فريش 16432-W8DD1255G1-BL- 8,موديلات قريش/غسالة ملابس فريش,1.00,inventory_full.pdf (OCR),,16432-W8DD1255G1-BL-
248001057,,,,موديلات قريش/غسالة ملابس فريش,1.00,inventory_full.pdf (OCR),,
248003053,FNU-MT271T-19233,FNU-MT271T-19233 - ريزر راسي فريش,FNU-MT271T-19233 - ريزر راسي فريش,موديلات قريش /فريزر قريش,1.00,inventory_full.pdf (OCR),,
248004033,FNT-B40OKB 4K,FNT-B400KB 4K LG-9748- ثلاجة فريش ميكانيكال,FNT-B400KB 4K LG-9748- ثلاجة فريش ميكانيكال,موديلات فريش الثلاجة فريش,1.00,inventory_full.pdf (OCR),,FNT-B400KB
248004044,FNT-BR370BB-9015,ثلاجة فريش ميكاتيكال -FNT-BR370BB-9015,ثلاجة فريش ميكاتيكال -FNT-BR370BB-9015,موديلات فريش الثلاجة فريش,1.00,inventory_full.pdf (OCR),,
248004064,FNT-BR470KGMod-1196,FNT-BR470KGMod-11968 - ثلاجة فريش زجاج,FNT-BR470KGMod-11968 - ثلاجة فريش زجاج,موديلات فريش الثلاجة فريش,1.00,inventory_full.pdf (OCR),,FNT-BR470KGMod-11968
248004075,FNT-BS400KT-18951,FNT-BS400KT-18951 - لتر 369 ثلاجة فريش,FNT-BS400KT-18951 - لتر 369 ثلاجة فريش,موديلات فريش الثلاجة فريش,,inventory_full.pdf (OCR),,
248004077,FNB-M640CQT-19806,ثلاجة فريش هارمولي - FNB-M640CQT-19806,ثلاجة فريش هارمولي - FNB-M640CQT-19806,موديلات فريش الثلاجة فريش,1.00,inventory_full.pdf (OCR),,
248004083,FNT-MS5B0YT-19216,FNT-MS580YT-19216-لتر 471 ثلاجة فريش -,FNT-MS580YT-19216-لتر 471 ثلاجة فريش -,موديلات فريش الثلاجة فريش,1.00,inventory_full.pdf (OCR),,FNT-MS580YT-19216-
248004084,FNT-MS540YB-18693,,,موديلات فريش الثلاجة فريش,1.00,inventory_full.pdf (OCR),,
248004085,FNT-MS470 YT-18954,FNT-MS470 YT-18954-لتر 397 ثلاجة فريش,FNT-MS470 YT-18954-لتر 397 ثلاجة فريش,موديلات فريش الثلاجة فريش,1.00,inventory_full.pdf (OCR),,FNT-MS470
248016015,13423,طباخ كبربانى سيراميك-13423 طباخ كهربائى سيراميك 1 عين اسود-13423,طباخ كبربانى سيراميك-13423 طباخ كهربائى سيراميك 1 عين اسود-13423,موديلات فريش/مسطح فريش,10.00,inventory_full.pdf (OCR),,13423
248016016,13424,طباخ كبرباتى سيراميك-13424 طباخ كيربائى سيراميك 2 عين اسود-13424,طباخ كبرباتى سيراميك-13424 طباخ كيربائى سيراميك 2 عين اسود-13424,موديلات فريش/مسطح فريش,9.00,inventory_full.pdf (OCR),,13424
248016017,ECO1-1HP-13490,,,موديلات فريش/مسطح فريش,10.00,inventory_full.pdf (OCR),,
248016019,EC01-2HP-14216,,,موديلات فريش/مسطح فريش,8.00,inventory_full.pdf (OCR),,
248016024,9627-modena 60,طح بلت ان فريش مودينا 627-modena 60-60,طح بلت ان فريش مودينا 627-modena 60-60,موديلات فريش/مسطح فريش,,inventory_full.pdf (OCR),,627-modena
248016029,VTC 5 90CM-9863,فريش مسطح كبرباء بلت ان VTC 5 90CM-9863 - 5,فريش مسطح كبرباء بلت ان VTC 5 90CM-9863 - 5,موديلات فريش/مسطح فريش,,inventory_full.pdf (OCR),,90CM-9863
248016030,HAFRGOCMS-17505,HAFRGOCMS-17505 - فريش مسطح غاز بلت ان,HAFRGOCMS-17505 - فريش مسطح غاز بلت ان,موديلات فريش/مسطح فريش,,inventory_full.pdf (OCR),,
248016031,HAFRGOCMSC1-17510,HAFR6OCMSC1-17510 - 60 ريش مسطح غاز,HAFR6OCMSC1-17510 - 60 ريش مسطح غاز,موديلات فريش/مسطح فريش,1.00,inventory_full.pdf (OCR),,HAFR6OCMSC1-17510
248016033,17513-52-60,,,موديلات فريش/مسطح فريش,1.00,inventory_full.pdf (OCR),,
248016034,S2-90-17512,,,موديلات فريش/مسطح فريش,,inventory_full.pdf (OCR),,
248017003,PROFSSIONAL-3510,PROFSSIONAL-3510- بوتجاز فريش بروفيشنال,PROFSSIONAL-3510- بوتجاز فريش بروفيشنال,موديلات فريش لبوتاجاز فريش,,inventory_full.pdf (OCR),,PROFSSIONAL-3510-
248017004,ITALIANO80-2900,بوتاجاز فريش 80سم ايطالياتو -ITALIANO80-2900,بوتاجاز فريش 80سم ايطالياتو -ITALIANO80-2900,موديلات فريش لبوتاجاز فريش,,inventory_full.pdf (OCR),,
248017017,BLAZA9O BLCK-6330,,,موديلات فريش لبوتاجاز فريش,,inventory_full.pdf (OCR),,
248017038,PROFSSIONAL,PROFSSIONAL 90-10094-بوتاجار فريش,PROFSSIONAL 90-10094-بوتاجار فريش,موديلات فريش لبوتاجاز فريش,,inventory_full.pdf (OCR),,90-10094-
248017046,PROFSSIONAL,PROFSSIONAL 90-12294- بوتاجاز فريش,PROFSSIONAL 90-12294- بوتاجاز فريش,موديلات فريش لبوتاجاز فريش,,inventory_full.pdf (OCR),,90-12294-
248017049,HAMMAR 80-14483,بوتاجاز فريش هامر 80 سم-HAMMAR 14483-80,بوتاجاز فريش هامر 80 سم-HAMMAR 14483-80,موديلات فريش لبوتاجاز فريش,,inventory_full.pdf (OCR),,14483-80
248017051,MATRIIX-ST 90 - 13915,,,موديلات فريش لبوتاجاز فريش,,inventory_full.pdf (OCR),,
248017053,ROCK 90-15560,,,موديلات فريش لبوتاجاز فريش,,inventory_full.pdf (OCR),,
248017056,16946- HAMMAR,,,موديلات فريش لبوتاجاز فريش,,inventory_full.pdf (OCR),,
248017064,17266- FORNO55,,,موديلات فريش لبوتاجاز فريش,,inventory_full.pdf (OCR),,
248017065,MODNA 90-17059,,,موديلات فريش لبوتاجاز فريش,,inventory_full.pdf (OCR),,
248017069,19721-ROCK Mlirror,,,موديلات فريش لبوتاجاز فريش,,inventory_full.pdf (OCR),,
248018022,SOFT-17508,,,موديلات فريش/فرن بلت ان فريش,,inventory_full.pdf (OCR),,
248018024,MODENA-17514,,,موديلات فريش/فرن بلت ان فريش,1.00,inventory_full.pdf (OCR),,
248018025,TOP90-17515,,,موديلات فريش/فرن بلت ان فريش,1.00,inventory_full.pdf (OCR),,
248018026,GEOFRBOCMS-17507,,,موديلات فريش/فرن بلت ان فريش,1.00,inventory_full.pdf (OCR),,
248019025,FHC90S75MLGG-16044,شفاط فريش 90 سم بالمدخنة,FHC90S75MLGG-16044 - شفاط فريش 90 سم بالمدخنة,شفاط,1,شفاط 15-9-2026.xls,https://cairosales.com/ar/?controller=product&id_product=38799,
248019028,FHE90D7-17738,فريش شفاط 90 سم مدخنة رجاج مائل مزدوج فينيس,FHE90D7-17738 - فريش شفاط 90 سم مدخنة رجاج مائل مزدوج فينيس,شفاط,1,شفاط 15-9-2026.xls,,
248040001,FM-101B-5732,,,موديلات قريش /عجان فريش,1.00,inventory_full.pdf (OCR),,
248062014,43LF322RE-12618,شاشة ال اى دى فريش بالريسيفر 43 بوصة,43LF322RE-12618-شاشة ال اى دى فريش بالريسيفر 43 بوصة,شاشات,1,شاشات 15-9-2026.xls,,
248062019,55LU434R-14901,شاشة فريش 55 بوصة سمارت لينوكس,55LU434R-14901 - شاشة فريش 55 بوصة سمارت لينوكس,شاشات,1,شاشات 15-9-2026.xls,https://cairosales.com/ar/?controller=product&id_product=31591,
248070006,17511-HAFR9OCMSC1,,,موديلات فريش/مسطح فريش,,inventory_full.pdf (OCR),,
257016001,DHG 905 4G TC BK F C,,,موديلات دومينكس/مسطح بلت ان دومينكس,,inventory_full.pdf (OCR),,
257016005,,,,موديلات فراتكى/مسطح قرانكى,1.00,inventory_full.pdf (OCR),,
257016006,FHM 905 4G LTC XS C,-1M 905 4G LTC XS C-تاجاز مسطح بيلت ان,-1M 905 4G LTC XS C-تاجاز مسطح بيلت ان,موديلات فراتكى/مسطح قرانكى,,inventory_full.pdf (OCR),,
257016007,FHTL 604 3G TC XS C,FHTL 604 3G TC XS C-بيلت ان,FHTL 604 3G TC XS C-بيلت ان,موديلات فراتكى/مسطح قرانكى,1.00,inventory_full.pdf (OCR),,
257016010,FHTL 755 4G TG XS C,FHTL 755 4G TC XS C-فرائكي مسطح غاز بلت إن,FHTL 755 4G TC XS C-فرائكي مسطح غاز بلت إن,موديلات فراتكى/مسطح قرانكى,,inventory_full.pdf (OCR),,
257016011,FHNE 604 3G TC XS C,FHNE 604 3G TC XS C-60 شعلة 4 مسطح قرائكى,FHNE 604 3G TC XS C-60 شعلة 4 مسطح قرائكى,موديلات فراتكى/مسطح قرانكى,1.00,inventory_full.pdf (OCR),,
257016014,,بوتاجاز مسطح بيلت ان فرانكى-FHMR 604 4GXS E,بوتاجاز مسطح بيلت ان فرانكى-FHMR 604 4GXS E,موديلات فراتكى/مسطح قرانكى,,inventory_full.pdf (OCR),,
257016018,FHSM-604-3G-DC-XS-C,ISM-604-3G-DC-XS-C:حى مسمح غاز بلت,ISM-604-3G-DC-XS-C:حى مسمح غاز بلت,موديلات فراتكى/مسطح قرانكى,,inventory_full.pdf (OCR),,ISM-604-3G-DC-XS-C
257016020,,FHR 302 CTD BK - مسطح فرانكي,FHR 302 CTD BK - مسطح فرانكي,موديلات فراتكى/مسطح قرانكى,,inventory_full.pdf (OCR),,
257018009,GN 52 G XS,,,موديلات فرائكى /قرن بلت ان فراتكى,,inventory_full.pdf (OCR),,
257018010,FMXO 93 M GG XS/NF,FMXO 93 M GG XS/NF FEN-فرن بيلت ان,FMXO 93 M GG XS/NF FEN-فرن بيلت ان,موديلات فرائكى /قرن بلت ان فراتكى,,inventory_full.pdf (OCR),,
257018013,FMY 99 P BK,,,موديلات فرائكى /قرن بلت ان فراتكى,,inventory_full.pdf (OCR),,
257018014,FSL 82 H XS,,,موديلات فرائكى /قرن بلت ان فراتكى,,inventory_full.pdf (OCR),,
257018015,FSM 86 H XS,,,موديلات فرائكى /قرن بلت ان فراتكى,,inventory_full.pdf (OCR),,
257019028,FJO- 624 XS,شفاط بلت ان فرانكي,FJO- 624 XS- شفاط بلت ان  فرانكي,شفاط,1,شفاط 15-9-2026.xls,https://cairosales.com/ar/?controller=product&id_product=19013,
257019029,FPJ 915 V BK/SS,شفاط فرانكى,FPJ 915 V BK/SS -شفاط فرانكى,شفاط,1,شفاط 15-9-2026.xls,,
258016005,DHX 604 4G XS FC,,,موديلات دومينكس/مسطح بلت ان دومينكس,,inventory_full.pdf (OCR),,
269001004,MCL1540EE GRAY,,,موديلات مابى اغسالات مابى,,inventory_full.pdf (OCR),,
270016002,BH5060S-B-IS,,,موديلات اي كوك لنسطح بلت ان اى كوك,1.00,inventory_full.pdf (OCR),,
270016010,BH5090S-8-1S-OS,حرل مسطح مار بينت ل - 3-١٥--١100000,حرل مسطح مار بينت ل - 3-١٥--١100000,موديلات اي كوك لنسطح بلت ان اى كوك,1.00,inventory_full.pdf (OCR),,100000
270018005,B066G-119-TSF-MIX-O,B066G-119-TSF.MIX-OS-AL - اى كرك فرن,B066G-119-TSF.MIX-OS-AL - اى كرك فرن,موديلات اى، كوك لقرن بلنت اى كوك,1.00,inventory_full.pdf (OCR),,B066G-119-TSF.MIX-OS-AL
270018007,BO6BS-119-SF-AL,,,موديلات اى، كوك لقرن بلنت اى كوك,1.00,inventory_full.pdf (OCR),,
270019008,901CH-ROMA,اي كوك شفاط مطبخ 90 سم روما,901CH-ROMA - اي كوك شفاط مطبخ 90 سم روما,شفاط,1,شفاط 15-9-2026.xls,,
273001012,OWD 9614 WTS,غسالة ملابس اوشن 9 ك + 5ك .OWD 9614 WTS,غسالة ملابس اوشن 9 ك + 5ك .OWD 9614 WTS,موديلات اوشن/غسالة ملابس اوشن,1.00,inventory_full.pdf (OCR),,
273002011,ODOI 815 VXBN,)DOI 815 VXBN - 15 سم 60 شن غسالة اطباق.,)DOI 815 VXBN - 15 سم 60 شن غسالة اطباق.,موديلات اوشن/غسالة اطباق اوشن,1.00,inventory_full.pdf (OCR),,
273004014,OC7BOTNFDIBA,OC780TNFDIBA - لتر 625 لاجة أوشن سعة,OC780TNFDIBA - لتر 625 لاجة أوشن سعة,موديلات اوشن الثلاجة اوشن,1.00,inventory_full.pdf (OCR),,OC780TNFDIBA
273016016,OHGFR95IPROSV,OHGFR95IPROSV - 5 سم 90 وشن مسطح غاز,OHGFR95IPROSV - 5 سم 90 وشن مسطح غاز,موديلات أوشن /مسطح او شن,1.00,inventory_full.pdf (OCR),,
273016017,OHGGR9401NPROSV,OHGGR9401NPROSV - 5 سم 90 اوشن مسطح,OHGGR9401NPROSV - 5 سم 90 اوشن مسطح,موديلات أوشن /مسطح او شن,1.00,inventory_full.pdf (OCR),,
273016023,OHG1R64IPROSV,OHG1R64IPROSV-سم غاز 60 سطح أوشن,OHG1R64IPROSV-سم غاز 60 سطح أوشن,موديلات أوشن /مسطح او شن,1.00,inventory_full.pdf (OCR),,OHG1R64IPROSV-
273017004,OCGR 6640-15 IC,,,موديلات اوشن ابوتاجاز اوشن,,inventory_full.pdf (OCR),,
273017005,OCGR9650-30 XB P,,,موديلات اوشن ابوتاجاز اوشن,1.00,inventory_full.pdf (OCR),,
273018009,OEOF 99 I RCTC,فرن بلت ان ارشن كهرباء 90 سم - OEOF 99 1 RCTC,فرن بلت ان ارشن كهرباء 90 سم - OEOF 99 1 RCTC,موديلات اوشن إفرن بلت ان اوشن,1.00,inventory_full.pdf (OCR),,
273018013,OOGR65IBECF2SV,OOGR65IBECF2SV - 60 اوشن فرن غاز بشواية,OOGR65IBECF2SV - 60 اوشن فرن غاز بشواية,موديلات اوشن إفرن بلت ان اوشن,,inventory_full.pdf (OCR),,
273018016,OOGR95IECF3SV,0OGR95IECF3SV - 2 سم 90 اوشن فرن بلت ان,0OGR95IECF3SV - 2 سم 90 اوشن فرن بلت ان,موديلات اوشن إفرن بلت ان اوشن,1.00,inventory_full.pdf (OCR),,0OGR95IECF3SV
273019007,OWCHR 66 I CF,اوشن شفاط هرمى 60 سم استانلس,OWCHR 66 I CF - اوشن شفاط هرمى 60 سم استانلس,شفاط,1,شفاط 15-9-2026.xls,https://cairosales.com/ar/?controller=product&id_product=42872,
273019009,OD2CHR 94 BG CF,اوشن شفاط هرمى زجاج 90 سم اسود,OD2CHR 94 BG CF - اوشن شفاط هرمى زجاج 90 سم اسود,شفاط,1,شفاط 15-9-2026.xls,https://cairosales.com/ar/?controller=product&id_product=42874,
278016001,59PAC,طح ايكوماتيك 90 سم 5 شعلة تحكم امامى-973C,طح ايكوماتيك 90 سم 5 شعلة تحكم امامى-973C,موديلات ايكو ماتيك/مسطح بلت ان ايكوماتيك,,inventory_full.pdf (OCR),,
278016010,S917DC,شمطح الكوماتياك كريستال أسود هاز 90 سم 59170C-5,شمطح الكوماتياك كريستال أسود هاز 90 سم 59170C-5,موديلات ايكو ماتيك/مسطح بلت ان ايكوماتيك,,inventory_full.pdf (OCR),,59170C-5
278016012,S6270G,لد سقات وبر هاد مطح ايكوماتيك كريستال أسود غاز 60 سم 6270C-4,لد سقات وبر هاد مطح ايكوماتيك كريستال أسود غاز 60 سم 6270C-4,موديلات ايكو ماتيك/مسطح بلت ان ايكوماتيك,,inventory_full.pdf (OCR),,6270C-4
278016015,S92710C|,ميل هار 90 سم 5 شه بمطح ايكو ماتيك كريستال أسود بقريم إستانلس-92710C:,ميل هار 90 سم 5 شه بمطح ايكو ماتيك كريستال أسود بقريم إستانلس-92710C:,موديلات ايكو ماتيك/مسطح بلت ان ايكوماتيك,,inventory_full.pdf (OCR),,92710C
278016022,$933C,,,موديلات ايكو ماتيك/مسطح بلت ان ايكوماتيك,,inventory_full.pdf (OCR),,
278016025,S907IGC,كوماتيك مسطح غاز 90 سم زجاج بقريم-S9071GC,كوماتيك مسطح غاز 90 سم زجاج بقريم-S9071GC,موديلات ايكو ماتيك/مسطح بلت ان ايكوماتيك,,inventory_full.pdf (OCR),,S9071GC
278016027,S907ALS,,,موديلات ايكو ماتيك/مسطح بلت ان ايكوماتيك,,inventory_full.pdf (OCR),,
278016029,S937XLC,ايكر ماتيك مسطح غاز زجاج بمفاتوح نحاس S937XLC-92,ايكر ماتيك مسطح غاز زجاج بمفاتوح نحاس S937XLC-92,موديلات ايكو ماتيك/مسطح بلت ان ايكوماتيك,,inventory_full.pdf (OCR),,S937XLC-92
278016056,S633C,,,موديلات ايكو ماتيك/مسطح بلت ان ايكوماتيك,,inventory_full.pdf (OCR),,
278016067,590SXLPHC,ماتيك مسطح غاز 90 سم 5 شعلة-B3XLPRO,ماتيك مسطح غاز 90 سم 5 شعلة-B3XLPRO,موديلات ايكو ماتيك/مسطح بلت ان ايكوماتيك,,inventory_full.pdf (OCR),,B3XLPRO
278016071,S607IGBC,وماتيك مسطح غاز زجاج بفريم استانلس-6071GBC,وماتيك مسطح غاز زجاج بفريم استانلس-6071GBC,موديلات ايكو ماتيك/مسطح بلت ان ايكوماتيك,,inventory_full.pdf (OCR),,6071GBC
278016083,S6135,ايكوماتيك مسطح غاز 60 سم 4 شعلة - S613S,ايكوماتيك مسطح غاز 60 سم 4 شعلة - S613S,موديلات ايكو ماتيك/مسطح بلت ان ايكوماتيك,,inventory_full.pdf (OCR),,S613S
278016089,S6OBRC,يكوماتيك مسطح 4 شعلة غاز اسود 60 سم-3603RC,يكوماتيك مسطح 4 شعلة غاز اسود 60 سم-3603RC,موديلات ايكو ماتيك/مسطح بلت ان ايكوماتيك,,inventory_full.pdf (OCR),,3603RC
278016091,V6604TDZ,لتيك مسطح كهرباء فيترو سيراميك - 604TDZ,لتيك مسطح كهرباء فيترو سيراميك - 604TDZ,موديلات ايكو ماتيك/مسطح بلت ان ايكوماتيك,,inventory_full.pdf (OCR),,604TDZ
278017005,FS9104M,ايكوماتيك بوتاجاز 90*60سم 5شعله حوامل-FS9104M,ايكوماتيك بوتاجاز 90*60سم 5شعله حوامل-FS9104M,موديلات ايكو ماتيك لبوتاجاز ايكوماتيك,,inventory_full.pdf (OCR),,
278018013,G6404T,كوماتيك فرن غاز 60 سم بشواية غاز ومروحة-6404T:,كوماتيك فرن غاز 60 سم بشواية غاز ومروحة-6404T:,موديلات أيكو ماتيك/فرن بلت ان ايكوماتيك,1.00,inventory_full.pdf (OCR),,6404T
278018017,G6424TDX,ايكوماتيك فرن غاز بشوايه غاز 60 سم-G6424TDX,ايكوماتيك فرن غاز بشوايه غاز 60 سم-G6424TDX,موديلات أيكو ماتيك/فرن بلت ان ايكوماتيك,1.00,inventory_full.pdf (OCR),,
278018018,G6444GTDX,كوماتيك فرن غاز بشوابه غاز 60 سم -36444GTDX,كوماتيك فرن غاز بشوابه غاز 60 سم -36444GTDX,موديلات أيكو ماتيك/فرن بلت ان ايكوماتيك,1.00,inventory_full.pdf (OCR),,36444GTDX
278018029,G6404GTD,ايكوماتيك فرن غاز 60 سم بشواية غاز - G6404GTD,ايكوماتيك فرن غاز 60 سم بشواية غاز - G6404GTD,موديلات أيكو ماتيك/فرن بلت ان ايكوماتيك,,inventory_full.pdf (OCR),,
278018031,G6404TTD,يكوماتيك فرن غاز 60 سم بشواية غاز سعة-G6404TTD,يكوماتيك فرن غاز 60 سم بشواية غاز سعة-G6404TTD,موديلات أيكو ماتيك/فرن بلت ان ايكوماتيك,1.00,inventory_full.pdf (OCR),,
278018032,G6404GT,فرن إيكوماتيك - 60 سم غاز شوايه غاز-G6404GT,فرن إيكوماتيك - 60 سم غاز شوايه غاز-G6404GT,موديلات أيكو ماتيك/فرن بلت ان ايكوماتيك,1.00,inventory_full.pdf (OCR),,
278018039,G6405T,ايكوماتيك قرن 60 سم غاز شوايه كهرباء - G6405T,ايكوماتيك قرن 60 سم غاز شوايه كهرباء - G6405T,موديلات أيكو ماتيك/فرن بلت ان ايكوماتيك,1.00,inventory_full.pdf (OCR),,
278018044,G9504TDX,ماتيك فرن غاز ديجيتال 90 سم بشواية - 9504TDX,ماتيك فرن غاز ديجيتال 90 سم بشواية - 9504TDX,موديلات أيكو ماتيك/فرن بلت ان ايكوماتيك,,inventory_full.pdf (OCR),,9504TDX
278018047,G6604PROGR,يكوماتيك فرن غاز 60 سم بشواية - G6604PROGA,يكوماتيك فرن غاز 60 سم بشواية - G6604PROGA,موديلات أيكو ماتيك/فرن بلت ان ايكوماتيك,1.00,inventory_full.pdf (OCR),,G6604PROGA
278018054,G9604PROBG,فرن إيكوماتك 90 سم غاز بشواية - G9604PROBG,فرن إيكوماتك 90 سم غاز بشواية - G9604PROBG,موديلات أيكو ماتيك/فرن بلت ان ايكوماتيك,1.00,inventory_full.pdf (OCR),,
278019050,H9110MRTX,ايكوماتيك شفاط ديجيتال تاتش بالمدخنة 90 سم 1000 م3/ساعة تاتش استانلس ستيل ريموت كنترول,H9110MRTX - ايكوماتيك شفاط ديجيتال تاتش بالمدخنة 90 سم 1000 م3/ساعة تاتش استانلس ستيل ريموت كنترول,شفاط,1,شفاط 15-9-2026.xls,https://cairosales.com/ar/?controller=product&id_product=18150,
278019069,H6210FOT,ايكوماتيك شفاط ديكور مائل 60 سم 1000 م3/ساعة 3 سرعات كريستال اسود*استانليس,H6210FOT-ايكوماتيك شفاط ديكور مائل 60 سم 1000 م3/ساعة 3 سرعات كريستال اسود*استانليس,شفاط,1,شفاط 15-9-2026.xls,https://cairosales.com/ar/?controller=product&id_product=20004,
278019105,H910BKB,إيكوماتيك شفاط هرمي 90 سم قوة 1000م/الساعة اسود,H910BKB - إيكوماتيك شفاط هرمي 90 سم قوة  1000م/الساعة اسود,شفاط,1,شفاط 15-9-2026.xls,https://cairosales.com/ar/?controller=product&id_product=41036,
278019109,H65FBK,ايكوماتيك شفاط كلاسيك 60 سم 500 م3/ساعة 2 موتور اسود,H65FBK - ايكوماتيك شفاط كلاسيك 60 سم 500 م3/ساعة 2 موتور اسود,شفاط,1,شفاط 15-9-2026.xls,https://cairosales.com/ar/?controller=product&id_product=9905,
278019118,H6308TT,ايكوماتيك شفاط ديكوريتف بالمدخنة 60 سم 850 م3/ساعة 3 سرعات لوحة تحكم لون أسود تاتش بالريمو,H6308TT - ايكوماتيك شفاط ديكوريتف بالمدخنة 60 سم 850 م3/ساعة 3 سرعات لوحة تحكم لون أسود تاتش بالريمو,شفاط,1,شفاط 15-9-2026.xls,https://cairosales.com/ar/?controller=product&id_product=45878,
278019124,H910MRB,شفاط إيكوماتيك 90 سم أسود ديكوريتف مائل كريستال أسود تاتش بالريموت 3 سرعات قوة شفط 1000 م,H910MRB - شفاط إيكوماتيك 90 سم أسود ديكوريتف مائل كريستال أسود تاتش بالريموت 3 سرعات قوة شفط 1000 م,شفاط,1,شفاط 15-9-2026.xls,https://cairosales.com/ar/?controller=product&id_product=46630,
280016004,,,,موديلات البال مسطح الها,1.00,inventory_full.pdf (OCR),,
280018001,E95-545XND,سطح غاز البا 5 شطة 90 سم حرامل-E95-545XND,سطح غاز البا 5 شطة 90 سم حرامل-E95-545XND,موديلات البال مسطح الها,1.00,inventory_full.pdf (OCR),,
285018021,EL11XLFB300RF,يا فرن بلت أن كهرباء 60 سم - EL11XLFB300RF,يا فرن بلت أن كهرباء 60 سم - EL11XLFB300RF,موديلات البا/قرن بلت ان البا,,inventory_full.pdf (OCR),,
286016002,GEN4AX|,مسطح بلت ان جروتيا 60 سم غاز استانلس-GGN4AX,مسطح بلت ان جروتيا 60 سم غاز استانلس-GGN4AX,موديلات جروتيا لمثلاجة جروتيا,1.00,inventory_full.pdf (OCR),,GGN4AX
286016008,ELIO 75-545 L,,,موديلات البال مسطح الها,1.00,inventory_full.pdf (OCR),,
286016014,ELIO 75-545,البا مسطح غاز 5 شعطة 75 سم استانلس-ELIO 545-75,البا مسطح غاز 5 شعطة 75 سم استانلس-ELIO 545-75,موديلات البال مسطح الها,1.00,inventory_full.pdf (OCR),,545-75
286016022,EN35-200XD,با مسطح غاز 30 سم 2 شعله الشقال -EN35-200XD,با مسطح غاز 30 سم 2 شعله الشقال -EN35-200XD,موديلات البال مسطح الها,1.00,inventory_full.pdf (OCR),,
286016023,EN95-545ANT,سطح البابلت ان غاز 90 سم لون - EN95-545ANT,سطح البابلت ان غاز 90 سم لون - EN95-545ANT,موديلات البال مسطح الها,1.00,inventory_full.pdf (OCR),,
286016025,ENF60-444XD,با مسطح هاز 60 سم 4 شعلة هاز - ENFGO-444X0,با مسطح هاز 60 سم 4 شعلة هاز - ENFGO-444X0,موديلات البال مسطح الها,1.00,inventory_full.pdf (OCR),,ENFGO-444X0
286016027,EN30-02TXD,,,موديلات البال مسطح الها,1.00,inventory_full.pdf (OCR),,
286016028,EVC915SK,,,موديلات البال مسطح الها,1.00,inventory_full.pdf (OCR),,
286016029,ENS60-04OXD,اليا مسطح 4 شعلة 60 سم استانليس - ENS60-040XD,اليا مسطح 4 شعلة 60 سم استانليس - ENS60-040XD,موديلات البال مسطح الها,1.00,inventory_full.pdf (OCR),,ENS60-040XD
286016031,EN95-545XD,1 مسطح غاز 90 سم 5 شعطة سنة,1 مسطح غاز 90 سم 5 شعطة سنة,موديلات البال مسطح الها,1.00,inventory_full.pdf (OCR),,
286018009,ELIO 910 G,فرن بلت ان البا 90سم غاز شواية غاز -ELIO 910 G,فرن بلت ان البا 90سم غاز شواية غاز -ELIO 910 G,موديلات البا/قرن بلت ان البا,1.00,inventory_full.pdf (OCR),,
286018015,AL6XLXFG,البا قرن غاز 60 سم 8 وظائف 62 لتر - ALGXLXFG,البا قرن غاز 60 سم 8 وظائف 62 لتر - ALGXLXFG,موديلات البا/قرن بلت ان البا,1.00,inventory_full.pdf (OCR),,
286018016,EL1OXLBFG,البا فرن غاز 60 سم 8 وظائف 65 لتر - EL10XLBFG,البا فرن غاز 60 سم 8 وظائف 65 لتر - EL10XLBFG,موديلات البا/قرن بلت ان البا,,inventory_full.pdf (OCR),,EL10XLBFG
286018017,109-52XN,اليا فرن غاز 90 سم 7 وظائف 74 لتر - 109-52XN,اليا فرن غاز 90 سم 7 وظائف 74 لتر - 109-52XN,موديلات البا/قرن بلت ان البا,1.00,inventory_full.pdf (OCR),,
286018019,140.G94 F,اليا فرن غاز بمروحة 90 سم 118 لتر مه -140-G94 F,اليا فرن غاز بمروحة 90 سم 118 لتر مه -140-G94 F,موديلات البا/قرن بلت ان البا,,inventory_full.pdf (OCR),,140-G94
286019016,ECH 642 XR,البا شفاط ديكوري مائل 60 سم 850 م3/ساعة لون اسود ديجيتال تاتش,ECH 642 XR-البا شفاط ديكوري مائل 60 سم 850 م3/ساعة لون اسود ديجيتال تاتش,شفاط,1,شفاط 15-9-2026.xls,,
287001004,WNEI14AS/A,غسالة ملابس جروليا 10 ك فضى - WNEI14AS/A,غسالة ملابس جروليا 10 ك فضى - WNEI14AS/A,موديلات جرونيا/ غسالة ملابس جرونيا,,inventory_full.pdf (OCR),,
287001007,WPNEI82A1SWIFI,جورينيا غسالة ملابس 8 كيلو-WPNE182A1SWIFI,جورينيا غسالة ملابس 8 كيلو-WPNE182A1SWIFI,موديلات جرونيا/ غسالة ملابس جرونيا,1.00,inventory_full.pdf (OCR),,WPNE182A1SWIFI
287003005,FN71710X-R,جورينيا فريزر راسى 2*1 سعه FN71710X-R - 381,جورينيا فريزر راسى 2*1 سعه FN71710X-R - 381,موديلات جرونيا/فريزر جرونيا,,inventory_full.pdf (OCR),,
287004007,NRM9181SB,,,موديلات جروتيا لمثلاجة جروتيا,,inventory_full.pdf (OCR),,
287016001,EC321BCSC,مسطح جرونيا 30سم سيرمرك كهرباء -EC321BCSC,مسطح جرونيا 30سم سيرمرك كهرباء -EC321BCSC,موديلات جروتيا لمثلاجة جروتيا,,inventory_full.pdf (OCR),,
287016012,ECS959BCSC,زينيا مسطح كهرباء زجاج - S9598CSC,زينيا مسطح كهرباء زجاج - S9598CSC,موديلات جروتيا لمثلاجة جروتيا,,inventory_full.pdf (OCR),,S9598CSC
287016021,GWE42AB,رتيا مسطح غاز 60سم 4 شعطة حرامل-642AB/,رتيا مسطح غاز 60سم 4 شعطة حرامل-642AB/,موديلات جروتيا لمثلاجة جروتيا,1.00,inventory_full.pdf (OCR),,642AB/
287016026,GWE42ABX|,رربنيا مسطح غاز 60 سم 4 شعطة - 3W642ABX,رربنيا مسطح غاز 60 سم 4 شعطة - 3W642ABX,موديلات جروتيا لمثلاجة جروتيا,,inventory_full.pdf (OCR),,3W642ABX
287016036,G641EX,مسطح جرونيا بلت ان غاز استنلس -G641EX,مسطح جرونيا بلت ان غاز استنلس -G641EX,موديلات جروتيا لمثلاجة جروتيا,,inventory_full.pdf (OCR),,
287017002,GEC6A11SG,بوتجال جرونيا كيربانى 4 شعلة -GEC6A11SG- 60,بوتجال جرونيا كيربانى 4 شعلة -GEC6A11SG- 60,موديلات جرونيا/يوتاجاز جرونيا,1.00,inventory_full.pdf (OCR),,GEC6A11SG-
287017004,GGI9C20B,وريتيا بوتاجاز غاز 90 سم 5 شعلة - GI9G20B:,وريتيا بوتاجاز غاز 90 سم 5 شعلة - GI9G20B:,موديلات جرونيا/يوتاجاز جرونيا,1.00,inventory_full.pdf (OCR),,GI9G20B
287017005,GGI9C21X|,,,موديلات جرونيا/يوتاجاز جرونيا,1.00,inventory_full.pdf (OCR),,
287018020,BSA6737E15X,قرن كهرباء 60 سم اير فلاير بخار-BSA6737E15X,قرن كهرباء 60 سم اير فلاير بخار-BSA6737E15X,موديلات جرونيا/فرن بلت ان جرونيا,1.00,inventory_full.pdf (OCR),,
287018026,BOS6747A01X,جوريتيا فرن بلت ان كهرباء 60 سم - BOS6747A01X,جوريتيا فرن بلت ان كهرباء 60 سم - BOS6747A01X,موديلات جرونيا/فرن بلت ان جرونيا,1.00,inventory_full.pdf (OCR),,
287018029,BSA6747A04BGWI,جوريتيا فرن بلت ان 60 سم - BSA6747A04BGWI,جوريتيا فرن بلت ان 60 سم - BSA6747A04BGWI,موديلات جرونيا/فرن بلت ان جرونيا,1.00,inventory_full.pdf (OCR),,
287018032,BOG9832E01X,جورينيا فرن غاز بلت ان 90 سم - B0G9832E01X,جورينيا فرن غاز بلت ان 90 سم - B0G9832E01X,موديلات جرونيا/فرن بلت ان جرونيا,1.00,inventory_full.pdf (OCR),,B0G9832E01X
287018034,BOGX9832E06BG,جورينيا فرن غاز فردي بلت ان - BOGX9832E06BG,جورينيا فرن غاز فردي بلت ان - BOGX9832E06BG,موديلات جرونيا/فرن بلت ان جرونيا,1.00,inventory_full.pdf (OCR),,
287018038,BOS6737E13BG,فرن جوروتيا بلت ان 60سم - BOS6737E13BG,فرن جوروتيا بلت ان 60سم - BOS6737E13BG,موديلات جرونيا/فرن بلت ان جرونيا,,inventory_full.pdf (OCR),,
287018044,BOG62200XK,,,موديلات جرونيا/فرن بلت ان جرونيا,1.00,inventory_full.pdf (OCR),,
287019014,PWHT628EX,شفاط جرونيا فلات 60 سم استانلس ستيل اضاءة هالوجين 3 سرعات,PWHT628EX-شفاط جرونيا فلات 60 سم استانلس ستيل اضاءة هالوجين 3 سرعات,شفاط,1,شفاط 15-9-2026.xls,https://cairosales.com/ar/?controller=product&id_product=24753,
287019015,PWHC628EX,شفاط جرونيا هرمى 60 استانلس,PWHC628EX- شفاط جرونيا هرمى 60 استانلس,شفاط,1,شفاط 15-9-2026.xls,https://cairosales.com/ar/?controller=product&id_product=24749,
287019022,WHI944EB,جورينيا شفاط ديكور 90 سم اسود قوه الشفط 671م3/س,WHI944EB - جورينيا شفاط ديكور 90 سم اسود قوه الشفط 671م3/س,شفاط,1,شفاط 15-9-2026.xls,https://cairosales.com/ar/?controller=product&id_product=45223,
287019023,WHC924EX,جورينيا شفاط هرمى 90 سم استانلس قوة الشفط 695,WHC924EX - جورينيا شفاط هرمى 90 سم استانلس قوة الشفط 695,شفاط,1,شفاط 15-9-2026.xls,https://cairosales.com/ar/?controller=product&id_product=43758,
287019026,WHI644EB,شفاط جورونيا بلت ان 60سم مائل ديكوري تاتش اسود,WHI644EB - شفاط جورونيا بلت ان 60سم مائل ديكوري تاتش اسود,شفاط,1,شفاط 15-9-2026.xls,https://cairosales.com/ar/?controller=product&id_product=45237,
288016003,ELIO 95-545 L,,,موديلات البال مسطح الها,1.00,inventory_full.pdf (OCR),,
288016013,ELIO 95-545 CG,,,موديلات البال مسطح الها,1.00,inventory_full.pdf (OCR),,
290062006,UT32AS,شاشة الترا 32 بوصة سمارت,UT32AS - شاشة الترا 32 بوصة سمارت,شاشات,1,شاشات 15-9-2026.xls,https://cairosales.com/ar/?controller=product&id_product=42729,
292062007,50U51,تليفزيون سمارت اندرويد بدون اطار سينكس، 50 بوصة، 4K، مزود برسيفر داخلي,50U51-4895180778339-تليفزيون سمارت اندرويد بدون اطار سينكس، 50 بوصة، 4K، مزود برسيفر داخلي,شاشات,1,شاشات 15-9-2026.xls,https://cairosales.com/ar/?controller=product&id_product=41076,
299016004,OM640VZ411,,,موديلات كلاس /مسطح كلاس,1.00,inventory_full.pdf (OCR),,
299016005,OM950VZ40I,مسطح كلاس بيلت ان غاز 90 سم-OM950VZ401,مسطح كلاس بيلت ان غاز 90 سم-OM950VZ401,موديلات كلاس /مسطح كلاس,1.00,inventory_full.pdf (OCR),,OM950VZ401
299016006,YM640VZ411,,,موديلات كلاس /مسطح كلاس,1.00,inventory_full.pdf (OCR),,
299018005,A65FMAM,فرن بيلت ان غاز 60 سم-AG5FMAM,فرن بيلت ان غاز 60 سم-AG5FMAM,موديلات كلاس لقرن بلت ان كلاس,1.00,inventory_full.pdf (OCR),,AG5FMAM
299018006,AEBTSPAT,فرن بولت أن هاز + كهرهاء 60 سم:A63TSPA,فرن بولت أن هاز + كهرهاء 60 سم:A63TSPA,موديلات كلاس لقرن بلت ان كلاس,,inventory_full.pdf (OCR),,A63TSPA
299018007,A93TFRA-E,فرن كلاس بيلت ان هاز +كهرباء 90 سم-A93TFRA-E,فرن كلاس بيلت ان هاز +كهرباء 90 سم-A93TFRA-E,موديلات كلاس لقرن بلت ان كلاس,,inventory_full.pdf (OCR),,
299018008,AB3TFRA-G,فرن كلاس بيلت ان غاز 90 سم-A93TFRA-G,فرن كلاس بيلت ان غاز 90 سم-A93TFRA-G,موديلات كلاس لقرن بلت ان كلاس,,inventory_full.pdf (OCR),,A93TFRA-G
312002007,ST211DS,سميج غسالة اطباق بلت أن 13 قرد 60 سم - ST211DS,سميج غسالة اطباق بلت أن 13 قرد 60 سم - ST211DS,موديلات كلاس لقرن بلت ان كلاس,,inventory_full.pdf (OCR),,
312016002,PGF95-4,بج مسطح بيلد ان 5 شعطة غاز 90 سم-GF95-4,بج مسطح بيلد ان 5 شعطة غاز 90 سم-GF95-4,موديلات كلاس لقرن بلت ان كلاس,,inventory_full.pdf (OCR),,GF95-4
312016006,PGF 64-4,بج مسطح بيلد ان 4 شعلة هاز 60 سم-GF 4-64,بج مسطح بيلد ان 4 شعلة هاز 60 سم-GF 4-64,موديلات كلاس لقرن بلت ان كلاس,,inventory_full.pdf (OCR),,
312016009,PGF 32 G,مسطح سمج 2 شعلة استاناس-PGF 32 G,مسطح سمج 2 شعلة استاناس-PGF 32 G,موديلات كلاس لقرن بلت ان كلاس,,inventory_full.pdf (OCR),,
312016010,PGF 32 C,مسطح سمح 2 عين كيرباء سيراميك استاناس -PGF 32 C,مسطح سمح 2 عين كيرباء سيراميك استاناس -PGF 32 C,موديلات كلاس لقرن بلت ان كلاس,,inventory_full.pdf (OCR),,
312018003,SF 6381 X,,,موديلات كلاس لقرن بلت ان كلاس,1.00,inventory_full.pdf (OCR),,
312018004,SF 9300 GGVx,يلت ان غاز 90 سم بشواية -F 9300 GGVX,يلت ان غاز 90 سم بشواية -F 9300 GGVX,موديلات كلاس لقرن بلت ان كلاس,,inventory_full.pdf (OCR),,
312018006,SF6341GGX,ا- اسيلم اللا ميج فرن يلت ان غاز 60 سم بشواية-F6341GGX,ا- اسيلم اللا ميج فرن يلت ان غاز 60 سم بشواية-F6341GGX,موديلات كلاس لقرن بلت ان كلاس,,inventory_full.pdf (OCR),,F6341GGX
320016007,SRV564GH,,,موديلات كلاس لقرن بلت ان كلاس,,inventory_full.pdf (OCR),,
320016008,SRV596GM,بيج مسطح بيلد ان 5 شعلة غاز 90 سم - RV596GM:,بيج مسطح بيلد ان 5 شعلة غاز 90 سم - RV596GM:,موديلات كلاس لقرن بلت ان كلاس,,inventory_full.pdf (OCR),,RV596GM
342016004,HANS 6220-19,,,موديلات هائز /مسطح هاتز,1.00,inventory_full.pdf (OCR),,
342016012,HANS-6720-24,HANS-6720-24-لت,HANS-6720-24-لت,موديلات هائز /مسطح هاتز,1.00,inventory_full.pdf (OCR),,HANS-6720-24-
342016013,HANS-9210-19,,,موديلات هائز /مسطح هاتز,1.00,inventory_full.pdf (OCR),,
342018008,0G0204.11,فرن هانز بلت ان 60 سم-0G0204.11,فرن هانز بلت ان 60 سم-0G0204.11,موديلات هاتز لفرن هاتز,1.00,inventory_full.pdf (OCR),,
342018011,HANS OGO202 U.S,,,موديلات هاتز لفرن هاتز,1.00,inventory_full.pdf (OCR),,
342019010,Elegance Red-60,هانز شفاط بلت ان 60 سم زجاجي بمدخنة 1000 م 3 / ساعة تاتش بالريموت كنترول,Elegance Red-60 - هانز شفاط بلت ان 60 سم زجاجي بمدخنة 1000 م 3 / ساعة تاتش بالريموت كنترول,شفاط,1,شفاط 15-9-2026.xls,,
342019029,STILO ST90-1000 Black,هانز شفاط اسود 90سم 1000م/3,STILO ST90-1000 Black  - هانز شفاط اسود 90سم 1000م/3,شفاط,1,شفاط 15-9-2026.xls,https://cairosales.com/ar/?controller=product&id_product=43805,
360001002,PRM-130TPL-C2MBK,,,موديلات بريميم (يوتيون)/غسالات بريميم,1.00,inventory_full.pdf (OCR),,
373001001,WMHTZAEP,- سعلة لرلل ٢يمة قطعة,- سعلة لرلل ٢يمة قطعة,موديلات باساب/ غسالة ملايس باساب,1.00,inventory_full.pdf (OCR),,
373001003,WMHTOABP,ل الت مفية لزيا لمتا,ل الت مفية لزيا لمتا,موديلات باساب/ غسالة ملايس باساب,2.00,inventory_full.pdf (OCR),,
373003031,ES335-Sitver.PRO,E5335.SiVor.PR0 - 250 أدب لعي لطفي,E5335.SiVor.PR0 - 250 أدب لعي لطفي,موديلات باساب/ غسالة ملايس باساب,1.00,inventory_full.pdf (OCR),,E5335.SiVor.PR0
373003035,VFVSBOBLACK,يري لورتل اسود بواروست راسي . VFV3E0BLACK قطعة,يري لورتل اسود بواروست راسي . VFV3E0BLACK قطعة,موديلات باساب/ غسالة ملايس باساب,2.00,inventory_full.pdf (OCR),,VFV3E0BLACK
373018001,BL051,ملات سياف - حرامل ز,ملات سياف - حرامل ز,موديلات باساب/مسطح باساب,1.00,inventory_full.pdf (OCR),,
395016019,HPT603G,سطح 4 عيون 60 سم شبكات متهنة- HPT603G قطعة,سطح 4 عيون 60 سم شبكات متهنة- HPT603G قطعة,موديلات بيوريتى/مسطح بيورايتي,1.00,inventory_full.pdf (OCR),,
395016023,HPT902S,تعواة 90 ساح عار بلت ان 6 عين حوامل - HPT9025,تعواة 90 ساح عار بلت ان 6 عين حوامل - HPT9025,موديلات بيوريتى/مسطح بيورايتي,1.00,inventory_full.pdf (OCR),,HPT9025
395016026,HPT904S,وامل لقلة 90 سم لون فضم قطعة,وامل لقلة 90 سم لون فضم قطعة,موديلات بيوريتى/مسطح بيورايتي,1.00,inventory_full.pdf (OCR),,
395016030,MS281,يتروسيراميا بوريتي مسطح كهرباء 4 عزون 60 سم - MS261,يتروسيراميا بوريتي مسطح كهرباء 4 عزون 60 سم - MS261,موديلات بيوريتى/مسطح بيورايتي,1.00,inventory_full.pdf (OCR),,MS261
395016035,HPT906S,حوامل تتيطح عاز بلت ان 90 سم 5 شعلة - HPT9065,حوامل تتيطح عاز بلت ان 90 سم 5 شعلة - HPT9065,موديلات بيوريتى/مسطح بيورايتي,1.00,inventory_full.pdf (OCR),,HPT9065
395016047,HPT911MAT-BL,زجاج اسود ببورتي مسطح غاز بلت ان 90 سم - HPT911MAT-BL,زجاج اسود ببورتي مسطح غاز بلت ان 90 سم - HPT911MAT-BL,موديلات بيوريتى/مسطح بيورايتي,1.00,inventory_full.pdf (OCR),,
395016049,HPT7135,مواللس مسطح عاز بلت ان 70 سم 5 شطء - ٣1PT7135,مواللس مسطح عاز بلت ان 70 سم 5 شطء - ٣1PT7135,موديلات بيوريتى/مسطح بيورايتي,,inventory_full.pdf (OCR),,1PT7135
395016053,HPT622.GX,4ر٩ام اسر- ٣ لح بنت إن ماز بدورتى 60 سم: PT622-GX-4,4ر٩ام اسر- ٣ لح بنت إن ماز بدورتى 60 سم: PT622-GX-4,موديلات بيوريتى/مسطح بيورايتي,,inventory_full.pdf (OCR),,PT622-GX-4
395016054,FTS472G30WP,,,موديلات بيوريتى/مسطح بيورايتي,,inventory_full.pdf (OCR),,
395016057,HPT913G,بيوريتي مسطح غاز بلت ان 5 شعلة 90 سم-HPT913G,بيوريتي مسطح غاز بلت ان 5 شعلة 90 سم-HPT913G,موديلات بيوريتى/مسطح بيورايتي,,inventory_full.pdf (OCR),,
395017002,FRGG9050 BL,بيوريتي بوتاجاز فري ستاند FRGG9050 BL - 60*90,بيوريتي بوتاجاز فري ستاند FRGG9050 BL - 60*90,موديلات بيوريتى لبوتاجاز بيورتى,,inventory_full.pdf (OCR),,FRGG9050
395018020,OPT6O1GGD,بيورتى فرن غاز بلت ان ديجيتال - OPT601GGD,بيورتى فرن غاز بلت ان ديجيتال - OPT601GGD,موديلات بيوريتى لفرن بلت ان بيوريتى,,inventory_full.pdf (OCR),,OPT601GGD
395018024,FR-PRO 60,بيوريتى فرن بيلت ان غاز ديجيتال FR.PRO 60 - 60,بيوريتى فرن بيلت ان غاز ديجيتال FR.PRO 60 - 60,موديلات بيوريتى لفرن بلت ان بيوريتى,,inventory_full.pdf (OCR),,
395018026,OPREE10BL-60CM,بيوريتى فرن بلت ان كهرباء - OPREE10BL-60CM,بيوريتى فرن بلت ان كهرباء - OPREE10BL-60CM,موديلات بيوريتى لفرن بلت ان بيوريتى,,inventory_full.pdf (OCR),,
395018034,GPT SMART 60CM,بوريتي فرن بلت ان كهرباء 3PT SMART 60CM-60,بوريتي فرن بلت ان كهرباء 3PT SMART 60CM-60,موديلات بيوريتى لفرن بلت ان بيوريتى,,inventory_full.pdf (OCR),,60CM-60
395018045,KPT-609-EEDB-88L,بورتى فرن كهرباء بيلت ان-PT-609-EEDB-88L),بورتى فرن كهرباء بيلت ان-PT-609-EEDB-88L),موديلات بيوريتى لفرن بلت ان بيوريتى,,inventory_full.pdf (OCR),,PT-609-EEDB-88L
395018046,OPROG90BL-90CM,بيورتى فرن غاز بلت ان مع - OPRQG90BL-90CM,بيورتى فرن غاز بلت ان مع - OPRQG90BL-90CM,موديلات بيوريتى لفرن بلت ان بيوريتى,,inventory_full.pdf (OCR),,OPRQG90BL-90CM
395019012,AUTOSMARTBL90,بيوريتى شفاط مطبخ 90 سم بقوة 1000 م 3 / ساعة,AUTOSMARTBL90-بيوريتى شفاط مطبخ 90 سم بقوة 1000 م 3 / ساعة,شفاط,1,شفاط 15-9-2026.xls,https://cairosales.com/ar/?controller=product&id_product=21383,
395019013,CAPPE-BL90cm-1000m3/h,بيوريتى شفاط مطبخ 90 سم كابيه 1000 م 3 / ساعة,CAPPE-BL90cm-1000m3/h-بيوريتى شفاط مطبخ 90 سم كابيه 1000 م 3 / ساعة,شفاط,1,شفاط 15-9-2026.xls,https://cairosales.com/ar/?controller=product&id_product=21384,
395019053,FLATO PRO 60 DBL PLUS,بيوريتى شفاط مطبخ 60 سم بيلت ان بقوة شفط 1000م3/ساعة اللون أسود,FLATO PRO 60 DBL PLUS - بيوريتى شفاط مطبخ 60 سم بيلت ان بقوة شفط 1000م3/ساعة اللون أسود,شفاط,1,شفاط 15-9-2026.xls,https://cairosales.com/ar/?controller=product&id_product=45766,
395019055,ETO-PRO PLUS 90X,بيوريتي شفاط 90 سم 1000 م3/ساعة 3 سرعات لون سيلفر,ETO-PRO PLUS 90X-بيوريتي شفاط 90 سم 1000 م3/ساعة 3 سرعات لون سيلفر,شفاط,1,شفاط 15-9-2026.xls,https://cairosales.com/ar/?controller=product&id_product=45092,
395019057,GL PRO PLUS 90 BL,شفاط بيورتي 90سم 1000م3/س اسود,GL PRO PLUS 90 BL - شفاط بيورتي 90سم 1000م3/س اسود,شفاط,1,شفاط 15-9-2026.xls,https://cairosales.com/ar/?controller=product&id_product=45140,
395019074,ETO PRO PLUS 60 X,بيورتي شفاط هرمي60سم 3 سرعات قوه شفط 1000 م/ساعه لون سيلفر,ETO PRO PLUS 60 X-بيورتي شفاط هرمي60سم  3 سرعات قوه شفط 1000 م/ساعه لون سيلفر,شفاط,1,شفاط 15-9-2026.xls,https://cairosales.com/ar/?controller=product&id_product=47795,
405004002,FG390-SL,لموان ثلاجة 14 قدم 340 لتر 2 باب - FG390-SL,لموان ثلاجة 14 قدم 340 لتر 2 باب - FG390-SL,موديلات بيوريتى لفرن بلت ان بيوريتى,1.00,inventory_full.pdf (OCR),,
406016001,,,,موديلات مير فى لمسطح هيرفى,8.00,inventory_full.pdf (OCR),,
407001026,ZWF8221ML7-91490955,غساله زانوسى - ZWF8221ML7-914909555,غساله زانوسى - ZWF8221ML7-914909555,موديلات زانوسي/غصائة ملابس زاتوس,1.00,inventory_full.pdf (OCR),,ZWF8221ML7-914909555
407001036,,,,موديلات زانوسي/غصائة ملابس زاتوس,1.00,inventory_full.pdf (OCR),,
407001038,,,,موديلات زانوسي/غصائة ملابس زاتوس,1.00,inventory_full.pdf (OCR),,
407002004,,,,موديلات زاتوسي/غسالة اطباق زانوسى,1.00,inventory_full.pdf (OCR),,
407004020,320D AS-922061016,,,موديلات زائوسي لثلاجة زائوسي,1.00,inventory_full.pdf (OCR),,
407017007,,,,موديلات زاتوسي ابوتجاز زانوسي,1.00,inventory_full.pdf (OCR),,
407017010,,,,موديلات زاتوسي ابوتجاز زانوسي,1.00,inventory_full.pdf (OCR),,
407017013,,,,موديلات زاتوسي ابوتجاز زانوسي,1.00,inventory_full.pdf (OCR),,
437016006,HFG9OBG5BFTAR,,,موديلات فولجور /مسطح فولجور,,inventory_full.pdf (OCR),,
437016007,HFCER644HLTC,,,موديلات فولجور /مسطح فولجور,,inventory_full.pdf (OCR),,
437016008,HFGGOSRCT5BF,IFG9OSRCT5BF - 90 لجور مسطح بلت ان غاز,IFG9OSRCT5BF - 90 لجور مسطح بلت ان غاز,موديلات فولجور /مسطح فولجور,,inventory_full.pdf (OCR),,IFG9OSRCT5BF
437018001,OF GG D95SXL2T,,,موديلات فولجور /مسطح فولجور,1.00,inventory_full.pdf (OCR),,
437018003,OFGGD65ST,,,موديلات فولجور /مسطح فولجور,1.00,inventory_full.pdf (OCR),,
440062004,43FLS,شاشة بلوتو 43 بوصة سمارت ريسيفر داخلى,43FLS - شاشة بلوتو 43 بوصة سمارت ريسيفر داخلى,شاشات,1,شاشات 15-9-2026.xls,https://cairosales.com/ar/?controller=product&id_product=34286,
441016001,HP1500-SV,-اي دو سطح تسخين كهربائى - (HP1500-SV-1250,-اي دو سطح تسخين كهربائى - (HP1500-SV-1250,موديلات اي دو المسطح أي دو,12.00,inventory_full.pdf (OCR),,HP1500-SV-1250
441016003,HP2E1500-SV,,,موديلات اي دو المسطح أي دو,9.00,inventory_full.pdf (OCR),,
446002005,LV-DWED3RC-S13-413,,,موديلات ليفون/غسالات اطباق ليفون,,inventory_full.pdf (OCR),,
446062004,3020906-50LG8070Q,شاشة تلفزيون سمارت ليفون ، مقاس 50 بوصة ، QLED ، دقة 4K UHD ، بريسيفر داخلي - مع,3020906-50LG8070Q -شاشة تلفزيون سمارت ليفون ، مقاس 50 بوصة ، QLED ، دقة 4K UHD ، بريسيفر داخلي -  مع,شاشات,1,شاشات 15-9-2026.xls,,
450017006,2010290,رويال جاز بوتاجاز ماستر شيف 5 شعلة مروحة-2010290,رويال جاز بوتاجاز ماستر شيف 5 شعلة مروحة-2010290,موديلات رويال ليوتاجاز رويال,,inventory_full.pdf (OCR),,2010290
450017014,2010288,بوتجاز رويال كريستال 60 مروحة كاست -2010288,بوتجاز رويال كريستال 60 مروحة كاست -2010288,موديلات رويال ليوتاجاز رويال,,inventory_full.pdf (OCR),,2010288
450017016,2010245,ويال جاز بيرفكت كاست بوتاجاز 5 شعلة-2010245,ويال جاز بيرفكت كاست بوتاجاز 5 شعلة-2010245,موديلات رويال ليوتاجاز رويال,,inventory_full.pdf (OCR),,2010245
450017030,2010274-R,بوتاجاز روبال سيزار 90 كاست بمروحة -2010274-R,بوتاجاز روبال سيزار 90 كاست بمروحة -2010274-R,موديلات رويال ليوتاجاز رويال,,inventory_full.pdf (OCR),,
453016002,VG43,طح غاز 60 سم 4 شعله حامل زهر - امان كامل-G43/,طح غاز 60 سم 4 شعله حامل زهر - امان كامل-G43/,موديلات تاردى لمسطح بلت ان تاردي,,inventory_full.pdf (OCR),,
453016003,VG 40,,,موديلات تاردى لمسطح بلت ان تاردي,,inventory_full.pdf (OCR),,
453016005,VG95EAVX,كامل - اشعال ذائى كامل,كامل - اشعال ذائى كامل,موديلات تاردى لمسطح بلت ان تاردي,,inventory_full.pdf (OCR),,
453018002,FGXOBXN,,,موديلات ناردى لقرن بلت ان ناردى,,inventory_full.pdf (OCR),,
457038012,,,,موديلات جيليت امتنوعات جيليت,,inventory_full.pdf (OCR),,
471016001,ARM-SDA-HP-BK,,,موديلات ارماديللو المسطح ارماديلو,,inventory_full.pdf (OCR),,
471062010,ARM43VA4S,ارماديللو شاشة تليفزيون ذكى مقاس 43 بوصه كامل عالي الدقه، اندرويد13، بدون إطار،ريسيفر داخل,ARM43VA4S-ارماديللو شاشة تليفزيون ذكى مقاس 43 بوصه كامل عالي الدقه، اندرويد13، بدون إطار،ريسيفر داخل,شاشات,1,شاشات 15-9-2026.xls,https://cairosales.com/ar/?controller=product&id_product=43116,
475016002,HMG-60-PB-T-4BF,قملة امل زهر أمان كامل استاناس 1G-60-PB-T-4BF - هاز بلت ان •,قملة امل زهر أمان كامل استاناس 1G-60-PB-T-4BF - هاز بلت ان •,موديلات متيجيتي /مسطح مترجيتي,,inventory_full.pdf (OCR),,1G-60-PB-T-4BF
482019008,AUTO,تيفا شفاط مطبخ زجاجى بيلت ان 90 سم 3 سرعات قوة شفط 1000 متر مكعب/ساعه مزود بريموت كنترول,AUTO-تيفا شفاط مطبخ زجاجى بيلت ان 90 سم 3 سرعات قوة شفط 1000 متر مكعب/ساعه مزود بريموت كنترول,شفاط,1,شفاط 15-9-2026.xls,,
495016001,LX-7021,,,موديلات كوستول 8أو كسيل /سسطح كومتول 80 لوكسيل,,inventory_full.pdf (OCR),,
510001006,TW.BK115GF4EG(MK),TW-BK115GF4EG(MK) - غسالة ملابس توشيبا,TW-BK115GF4EG(MK) - غسالة ملابس توشيبا,موديلات توشيبا ميديا/ غسالة ملابس توشيبا - ميديا,1.00,inventory_full.pdf (OCR),,TW-BK115GF4EG
516016001,BXF4000005,بيسكل مسطح غاز 4 شعطة سفتى كامل - BXF4000005,بيسكل مسطح غاز 4 شعطة سفتى كامل - BXF4000005,موديلات بيكمل/مسطح بيكسل,1.00,inventory_full.pdf (OCR),,
516016003,ESF 4 Avx G Pistachio,SF 4 Avx G Pistachio-لح غاز بلت ان بيكسل,SF 4 Avx G Pistachio-لح غاز بلت ان بيكسل,موديلات بيكمل/مسطح بيكسل,2.00,inventory_full.pdf (OCR),,
516016004,F4 ESF 4 Avx G White,4 ESF 4 Avx G White-طح غاز بلت إن بيكسل,4 ESF 4 Avx G White-طح غاز بلت إن بيكسل,موديلات بيكمل/مسطح بيكسل,1.00,inventory_full.pdf (OCR),,
516018002,ESV 60 M- White,بن غاز بلت إن بيكسل 60 سم مع-SV 60 M- White:,بن غاز بلت إن بيكسل 60 سم مع-SV 60 M- White:,موديلات بيكسل اقرن بلت ان بيكسل,1.00,inventory_full.pdf (OCR),,
516018003,ESV 60 M Pistachio,,,موديلات بيكسل اقرن بلت ان بيكسل,1.00,inventory_full.pdf (OCR),,
518001008,AW-DUHN1600LUPEG(,AW-DUHN1600LUPEG(MK) - غسالة ملابس,AW-DUHN1600LUPEG(MK) - غسالة ملابس,موديلات توشيبا ميديا/ غسالة ملابس توشيبا - ميديا,1.00,inventory_full.pdf (OCR),,AW-DUHN1600LUPEG
518001012,TWD-BM115GF4EG(MK,TWD-BM115GF4EG(MK) - غسالة ملابس فول,TWD-BM115GF4EG(MK) - غسالة ملابس فول,موديلات توشيبا ميديا/ غسالة ملابس توشيبا - ميديا,1.00,inventory_full.pdf (OCR),,TWD-BM115GF4EG
518001013,,توشييا غسالة ملابس-1E),توشييا غسالة ملابس-1E),موديلات توشيبا ميديا/ غسالة ملابس توشيبا - ميديا,1.00,inventory_full.pdf (OCR),,
518001014,,,,موديلات توشيبا ميديا/ غسالة ملابس توشيبا - ميديا,1.00,inventory_full.pdf (OCR),,
518002001,DW-13FBAF(SS)-EG,DW-13FBAF(SS)-EG - غسالة أطباق توشيبا لون,DW-13FBAF(SS)-EG - غسالة أطباق توشيبا لون,موديلات توشييا ميديا/غسالة اطباق توشيبا - ميديا,1.00,inventory_full.pdf (OCR),,DW-13FBAF
518003003,GR-RU312WE-DMN(06),,,موديلات توشيبا ميديا/ديب فريزر توشيبا - ميديا,1.00,inventory_full.pdf (OCR),,
518004002,GR-RT558WE-PMN(57),GR-RT558WE-PMN(57) - لتر 411 ثلاجة توشييا,GR-RT558WE-PMN(57) - لتر 411 ثلاجة توشييا,موديلات توشيبا ميديا /ثلاجة توشيبا - مينيا,,inventory_full.pdf (OCR),,GR-RT558WE-PMN
518004008,GR-RT702WE-PMN(06),GR-RT702WE-PMN(06) - لتر 535 ثلاجة توشيبا,GR-RT702WE-PMN(06) - لتر 535 ثلاجة توشيبا,موديلات توشيبا ميديا /ثلاجة توشيبا - مينيا,1.00,inventory_full.pdf (OCR),,GR-RT702WE-PMN
518004013,GR.RF895WIA-PGN(22),GR-RF895WIA-PGN(22)-ثلاجة توشيبا باربعة,GR-RF895WIA-PGN(22)-ثلاجة توشيبا باربعة,موديلات توشيبا ميديا /ثلاجة توشيبا - مينيا,1.00,inventory_full.pdf (OCR),,GR-RF895WIA-PGN
518004015,RM921WI-PGN(B1),,,موديلات توشيبا ميديا /ثلاجة توشيبا - مينيا,1.00,inventory_full.pdf (OCR),,
520062001,98C7K,شاشة تي سي إل 4K سمارت بدون فريم QD-Mini LED 98 بوصة ريسيفر داخلي,98C7K-شاشة تي سي إل 4K سمارت بدون فريم QD-Mini LED 98 بوصة ريسيفر داخلي,شاشات,1,شاشات 15-9-2026.xls,https://cairosales.com/ar/?controller=product&id_product=46391,
520062005,85C6K,شاشة تي سي إل 4K سمارت بدون فريم QD-Mini LED 85 بوصة ريسيفر داخلي,85C6K-شاشة تي سي إل 4K سمارت بدون فريم QD-Mini LED 85 بوصة ريسيفر داخلي,شاشات,1,شاشات 15-9-2026.xls,https://cairosales.com/ar/?controller=product&id_product=46449,
523062001,K55MA500D,شاشة كاچيتو 4K سمارت بدون فريم Mini-Led 55 بوصة ريسيفر داخلي,K55MA500D-شاشة كاچيتو 4K سمارت بدون فريم Mini-Led 55 بوصة ريسيفر داخلي,شاشات,1,شاشات 15-9-2026.xls,https://cairosales.com/ar/?controller=product&id_product=46591,
523062002,K65MA500D,شاشة كاچيتو 4K سمارت بدون فريم Mini-Led 65 بوصة ريسيفر داخلي,K65MA500D-شاشة كاچيتو 4K سمارت بدون فريم Mini-Led 65 بوصة ريسيفر داخلي,شاشات,1,شاشات 15-9-2026.xls,https://cairosales.com/ar/?controller=product&id_product=46592,
523062004,K55QA501D,شاشة كاچيتو 4K سمارت بدون فريم 55 بوصة QLED ريسيفر داخلي,K55QA501D - شاشة كاچيتو 4K سمارت بدون فريم 55 بوصة QLED ريسيفر داخلي,شاشات,1,شاشات 15-9-2026.xls,https://cairosales.com/ar/?controller=product&id_product=46976,
524016001,MS293-KL,ماس مسطح كيرباء سيراميك 5 شملة ٨S293-KL-90,ماس مسطح كيرباء سيراميك 5 شملة ٨S293-KL-90,موديلات فيعاس/مسطح فيماس,1.00,inventory_full.pdf (OCR),,S293-KL-90
524016003,SC225,,,موديلات فيعاس/مسطح فيماس,1.00,inventory_full.pdf (OCR),,
524018001,OMDMD-642-CS-KL,,,موديلات قيماس /قرن بلت ان فيعاس,2.00,inventory_full.pdf (OCR),,
532016003,SF-1504,ابوتاجاز كهربائى متعدد الوظائف من سوليفر-SF-1504,ابوتاجاز كهربائى متعدد الوظائف من سوليفر-SF-1504,مسطح سونيفر/Sonifer موديلات سوتيقر,6.00,inventory_full.pdf (OCR),,
532016004,SF-1505,تاجاز كهرباني متعدد الوظائف-SF-1505,تاجاز كهرباني متعدد الوظائف-SF-1505,مسطح سونيفر/Sonifer موديلات سوتيقر,5.00,inventory_full.pdf (OCR),,
707004770,GTF522PVAN,ال حى ثلاجة لوفروست 523 لتر - GTF522PVAN,ال حى ثلاجة لوفروست 523 لتر - GTF522PVAN,ثلاجات/LG موديلات,1.00,inventory_full.pdf (OCR),,
777004014,GR-AT624WE-PGN(22),GR-RT624WE-PGN(22) - لتر 450 ثلاجة توشربا,GR-RT624WE-PGN(22) - لتر 450 ثلاجة توشربا,موديلات توشيبا ميديا /ثلاجة توشيبا - مينيا,1.00,inventory_full.pdf (OCR),,GR-RT624WE-PGN
